:020000040800F2
:1000000038130020A1010008695F0008994000082A
:100010006D5C0008610900080D7100080000000017
:100020000000000000000000000000001D69000842
:10003000710F0008000000003B600008856900089F
:10004000BB010008BB010008BB010008BB010008A0
:10005000BB010008BB010008BB010008BB01000890
:10006000751700088D170008BB010008BB010008C8
:10007000BB010008BB010008BB010008BB01000870
:10008000BB010008B50E0008BB010008BB01000859
:10009000BB010008BB010008BB010008BB01000850
:1000A000256A00085D6A0008416A0008BB01000873
:1000B000C56A0008096B0008BB010008BB01000805
:1000C000BB010008BB010008BB010008BB01000820
:1000D000BB010008BB010008BB010008BB01000810
:1000E00055170008BB010008BB010008BB01000850
:1000F000BB010008BB010008BB010008BB010008F0
:10010000BB010008BB010008BB010008BB010008DF
:10011000BB010008BB010008BB010008BB010008CF
:10012000BB010008BB010008BB010008BB010008BF
:10013000BB010008BB010008BB010008BB010008AF
:10014000BB010008BB010008BB010008BB0100089F
:10015000BB010008BB010008C10E0008BB0100087C
:10016000BB010008BB010008BB010008BB0100087F
:10017000BB010008BB010008BB0100080000000033
:10018000BB010008BB010008DFF810D000F0D6FA70
:1001900000480047A57D0008AFF300803813002019
:1001A0000648804706480047FEE7FEE7FEE7FEE711
:1001B000FEE7FEE7FEE7FEE7FEE7FEE7156A00085A
:1001C000890100082DE9F05F0546002092469B4614
:1001D00088460646814640241BE02846414647465D
:1001E000224600F0F0F853465A46C01A914110D307
:1001F00011461846224600F0D7F82D1A67EB010881
:100200004F4622460120002100F0CEF817EB0009EE
:100210004E41201EA4F10104DFDC484631462A4647
:100220004346BDE8F09FD2B201E000F8012B491E21
:10023000FBD270470022F6E710B513460A46044683
:100240001946FFF7F0FF204610BD10B5002200E070
:10025000521C835C8C5CA34201D1002BF8D1D8B234
:10026000E1B2401A10BD2DE9FE4F81EA030404F00B
:10027000004421F0004100944FF0000B23F00043B4
:1002800050EA01045ED052EA03045BD0C3F30A547F
:10029000C1F30A552C44A4F2F3340194A0FB025498
:1002A000C1F3130141F48011C3F3130343F480132A
:1002B00001FB024400FB034E840A970A44EA81547E
:1002C00047EA8357A4FB076802958D0A05FB07855B
:1002D0004FEA932C04FB0C542705029D4FEA065865
:1002E00047EA1637B5EB08056EEB070C870E920E42
:1002F00047EA811742EA8312A7FB0201B6EB0B0122
:1003000064EB00042B0D43EA0C335E1844EB1C50E5
:10031000DA465146E7FB0201C5F313044FEA0B33FB
:1003200043EA14534FEA0432019C43EA0603A4F162
:100330000C040294009CCDE900B400F09AF803B0DC
:10034000BDE8F08F00200146F9E700F0004230F0F0
:1003500000400AD0C10D01F56071C0F3160042EAF9
:100360000151C20840071143704700200146704701
:1003700001F0004330B421F0004150EA010206D000
:100380000A0DA2F56072C1F31301002A02DC30BC31
:1003900000207047440F44EAC104C100E01830BC9B
:1003A00000EBC25000F01FB8202A04DB203A00FA0C
:1003B00002F1002070479140C2F1200320FA03F3BC
:1003C000194390407047202A04DB203A21FA02F0BA
:1003D0000021704721FA02F3D040C2F1200291407F
:1003E0000843194670470029A8BF7047401C4900C0
:1003F00008BF20F00100704710B4B0FA80FC00FA8A
:100400000CF050EA010404BF10BC704749B1CCF1B4
:10041000200421FA04F411FA0CF118BF0121214340
:100420000843A3EB0C01CB1D4FEA00614FEA1020FB
:1004300042BF002010BC704700EBC350104400299D
:10044000A4BF10BC7047401C490008BF20F0010049
:1004500010BC704710B5141E73F1000408DA401C7C
:1004600041F1000192185B411A4301D120F00100D3
:1004700010BD2DE9F04D92469B4611B1B1FA81F2C3
:1004800002E0B0FA80F220329046FFF78DFF04467A
:100490000F4640EA0A0041EA0B0153465A46084318
:1004A00013D0114653EA010019D0C8F1400250465A
:1004B000FFF789FF05460E46504659464246FFF76C
:1004C00073FF084305D0012004E020463946BDE80B
:1004D000F08D0020054346EAE0762C4337430A9826
:1004E0006305E40AA0EB08000022FD0A44EA475431
:1004F0000A3002D500200146E9E7010510196941DB
:10050000DDE9084500196941BDE8F04DA2E72DE994
:10051000FE4F804681EA0300C00F0C46009021F098
:10052000004123F00045B8EB0200A94105D2404646
:10053000214690461C460B46024623F000401043DD
:1005400047D0270DC7F30A00C3F30A510290401A9F
:10055000019040286BDAC3F3130040F4801B00982D
:10056000924620B10023D2EB030A63EB0B0B0198F8
:100570005946C0F140025046FFF716FF06460D46A9
:1005800050465946019A00F0EBF810EB0800614123
:10059000002487EA115284EAE7731A4340D0009A94
:1005A00062B3019A012A4FEA075215DC001B61EB86
:1005B00002014FF0004202EA0752CDE90042001C5E
:1005C00041F5801132462B46FFF753FF03B0BDE8DB
:1005D000F08F40462146F9E7001B61EB0201001C49
:1005E00041F5801300185B412018A2F5001747EB76
:1005F000030140EAD570B6196D4111E06D084FEA6C
:10060000360645EAC0754FEA0752001B61EB02014E
:10061000001C41F5801149084FEA30000019514192
:1006200032462B4603B0BDE8F04FFFF713BF0098EA
:10063000012240000023D0EB020263EBE07300983C
:1006400021464FEAE074B8EB000061EB0401E9E7F2
:1006500083F000435BE781F0004158E72DE9F04D5E
:1006600081EA030404F0004B21F0004514464FF0EA
:10067000000A23F0004150EA050220D054EA0102AA
:100680001DD0C5F30A570246C5F31303C1F3130087
:10069000C1F30A5640F4801543F48013A7EB060813
:1006A000101BD64608F2FD3873EB050002D308F1A3
:1006B000010801E092185B41B8F1000F03DA002055
:1006C0000146BDE8F08D00204FF4801106468446B7
:1006D0000EE0171B73EB050705D3121B63EB050335
:1006E00006434CEA010C49084FEA300092185B417E
:1006F00050EA0107EDD152EA030012D082EA040069
:1007000083EA0501084305D0101BAB4106D2012244
:10071000002306E000224FF0004302E06FF00102E8
:1007200053101AEB06004CEB085110EB0A0041EB9A
:100730000B01BDE8F04DFFF78DBE0000064C074DE4
:1007400006E0E06840F0010394E8070098471034A1
:10075000AC42F6D3FFF71CFD80D40008A0D40008FB
:10076000202A06DBCB17203A41FA02F043EAE07375
:1007700006E041FA02F3D040C2F120029140084362
:10078000194670472DE9F04D00231A461B1A8A417D
:1007900003DB00200146BDE8F08DC1F30A52C1F32E
:1007A000130141F480154FF0000BD10702D100185E
:1007B0006D41521E0027044640F2FF11384601EBFE
:1007C000620A3E468046024600204FF48011FFF741
:1007D000FAFDC2197141BB1846EB0100B4EB030CE2
:1007E00075EB000C04D3E41A65EB000517460E46C2
:1007F000241908F101006D4180463428E3DDF91920
:1008000046EB0600091BA84103D24FF0FF32134606
:1008100001E0002213461BEB070046EB0A51BDE83E
:10082000F04DFFF717BE70B58C1810F8015B15F08E
:10083000070301D110F8013B2A1106D110F8012B52
:1008400003E010F8016B01F8016B5B1EF9D12B0777
:1008500005D40023521E0DD401F8013BFAE710F82D
:10086000013BCB1A921C03E013F8015B01F8015B1A
:10087000521EF9D5A142D8D3002070BD10B5014653
:1008800008A0FFF7E2FC00280AD109480949C0780E
:1008900031F8100008490880BDE8104000F07ABC2B
:1008A00010BD00004C43445F425F636F6C6F720089
:1008B000BD0500202C0000202000002010B50446BB
:1008C00001460CA0FFF7C1FC002811D10C480D49CE
:1008D00004220078096800EB800001EBC0000A499F
:1008E000007B00F0F7FE2046BDE81040FFF7C6BFD2
:1008F00010BD00004C43445F425F636F6C6F720039
:100900001D00002024000020BD05002010B5044675
:1009100001460CA0FFF799FC002811D10D480E49A3
:1009200004220078096800EB800001EBC0000B494D
:10093000007B00F0CFFE2046BDE8104000F044B838
:1009400010BD00004C43445F4272696768746E6575
:10095000737300001D00002024000020BD0500204E
:10096000FEE700003EB54FF478458C23AA225F21B4
:100970004B20009504F058F9002418200095CDE98B
:1009800001044FF6FF730CA26721572004F045FDC8
:100990004FF47A7000F0EDFA09488C23AA220088FF
:1009A00000905F214B2004F03FF906480470BDE839
:1009B0003E4000F0EFBB000043616E636C650000D9
:1009C000200000201C00002010B5014605A0FFF704
:1009D0003CFC002804D1084906480968C0788863AF
:1009E00010BD00004C43445F4272696768746E65D5
:1009F00073730000BD050020FC0B00202DE9FE4FA5
:100A0000FE4CFF4D04222078296800EB800001EBAA
:100A1000C000FC49007B00F05DFE0027F94EBB469C
:100A200045F258494FF0180A0421F74801F002FA3C
:100A300000285CD121782A6801EB810102EBC10119
:100A4000F0780A69904202D186F803B001E0401CB8
:100A5000F0708868FFF712FF2078296800EB8000AB
:100A600001EBC0008068FFF7AFFFCDF80090D5F82C
:100A7000008094F800C0B8F82600CCEB0C110AEB0B
:100A80004102024400EB410081B20CEB8C0008EB08
:100A9000C00093B2808CE62204F0C6F88DE8000E08
:100AA00020782A68C0EB001300EB8000D18C02EBA9
:100AB000C00001EB4301438C826889B2808C04F052
:100AC000ACFC2078D5F800C000EB80030CEBC3032E
:100AD000C0EB00105B8C8DE80806BCF82610F2789D
:100AE00001EB400081B20323C32004F057FC08212E
:100AF000C54801F09FF9E0BBF078002867D0401EA0
:100B0000F0702078296800EB800001EBC00080685D
:100B1000FFF7B4FE2078296800EB800001EBC000ED
:100B20008068FFF751FFCDF80090D5F8008094F869
:100B300000C0B8F82600CCEB0C110AEB41020244CD
:100B400000EB410081B20CEB8C0008EBC00093B2CB
:100B5000808CE62204F068F88DE8000E2A68207880
:100B6000D18CC0EB001301EB430189B200EB800094
:100B700000E01CE002EBC000438C8268808C04F033
:100B80004CFC2078D5F800C000EB80030CEBC303CD
:100B9000C0EB00105B8C8DE80806BCF82610F278DC
:100BA00001EB400081B20323C32004F0F7FBDFF820
:100BB0005C824FF48051404601F03CF978B14FF42B
:100BC0000051404601F036F9012872D072E02078D9
:100BD000296800EB800001EBC000007C90E72078E2
:100BE000296800EB800001EBC0008068FFF766FE1B
:100BF0002078296800EB800001EBC0008068FFF7D7
:100C000085FEDFF80C825746B8F800000090207887
:100C10002A68C0EB001C0AEB4C03D18C00EB80006F
:100C20000B4402EBC00001EB4C019BB289B2808CFB
:100C3000E62203F0F9FF2078296800EB800001EB41
:100C4000C0000422007B6F4900F044FD2078296831
:100C500000EB800301EBC303B8F800205B8CCDE907
:100C600000320297C98CC0EB001001EB400081B24A
:100C7000F2780323C32004F091FBB8F80000CDE91B
:100C80000007CDF808B020782A68C0EB001300EB0D
:100C90008000D18C02EBC00001EB4301438C8268E1
:100CA0005E4689B2808C04F0B8FB5A480670C0E0FA
:100CB000FFE701274FF40051404601F0BBF808B9A7
:100CC000012F03D0642000F054F9ADE620782968A4
:100CD00000EB800001EBC0000422007B494900F0DA
:100CE00023FD01287DD04FF448788C23AA225F2170
:100CF0004620CDF8008003F097FFCDE9008A5746E3
:100D00004FF6FF7344A267214E20CDF808B004F0DF
:100D100084FB40F2DC5000F02CF9DFF8F4808C23E7
:100D2000AA22B8F8000000905F21462003F07CFF63
:100D3000B8F80000009020782A68C0EB001C07EB90
:100D40004C03D18C00EB80000B4402EBC00001EBA4
:100D50004C019BB289B2808CE62203F065FF2078BB
:100D6000296800EB800001EBC0000422007B2549CC
:100D700000F0B0FC2078296800EB800301EBC3038E
:100D8000B8F800205B8CCDE900320297C98CC0EB2B
:100D9000001001EB400081B2F2780323C32004F07D
:100DA000FDFAB8F800108DE8820820782A68C0EBB8
:100DB000001300EB8000D18C02EBC00001EB43017B
:100DC000438C826889B2808C04F027FB20782968E4
:100DD00000EB800001EBC0008068FFF74FFD20783A
:100DE00000E02AE0296800EB800001EBC000806889
:100DF000FFF7EAFD207800EB800011E01D000020E5
:100E000024000020BD05002000080240000402402C
:100E1000200000201C00002053756363657373007D
:100E2000296801EBC000806805F008F91F4981F8C6
:100E300000B0BDE8FE4F00F0ADB91D4E8C23AA22D4
:100E4000308800905F21462003F0EEFE308800904D
:100E500020782A68C0EB00110AEB4103D68C00EB26
:100E6000800002EBC000334406EB41019BB289B223
:100E7000808CE62203F0D8FE00F014FD0B48FC2124
:100E800001702078296800EB800001EBC0008068C9
:100E9000FFF714FD2078296800EB800001EBC0000B
:100EA0008068BDE8FE4FFFF731BD00001C00002048
:100EB00020000020014800F043BD0000F40D002098
:100EC000014800F03DBD00009C0E00200168182381
:100ED000CAB2103AB2FBF3F2054B6FF30901032AD1
:100EE0009B5CC36500D9091D8165084670470000F9
:100EF00052D2000810B5014600208B698A6A4FF073
:100F0000C07453B1B3F5005F15D072B1012A0CD093
:100F1000022A0AD0032A09D104E01AB1012A06D014
:100F2000022A03D1C96AC90100D5012010BDC96ACE
:100F3000A142FAD010BD002AF7D0012AF2D0022A2D
:100F4000F3D0032AF3D010BD30B50468256825F42A
:100F500080252560046863608368402B036803D0A4
:100F600099600068C26030BD9A600068C16030BDA1
:100F7000704700B502464FF47A7302E0184600F05D
:100F800003F8521EFAD200BDA82148430521B0FB48
:100F9000F1F000E000BF401EFCD270472DE9FE4F8B
:100FA0005C4E4FF400584146304600F043FF5A4C27
:100FB0004FF0000A182588BB47463946304600F0F6
:100FC00039FF0028F9D02088DFF850910090544F65
:100FD000D9F800003978C08CC1EB011105EB410252
:100FE000024400EB410093B281B2E622002003F0FC
:100FF0001BFE21888DE822043878D9F80020C0EB48
:10100000001300EB8000D18C02EBC00001EB430128
:10101000438C826889B2462003F098FF2088F02331
:10102000002100901A46084603F0FEFD208857462E
:101030008DE8A1004FF6FF794B463AA200212D2002
:1010400003F084FF20884B468DE8A10039A21E21C1
:101050005D2003F07BFF20884B468DE8A10037A27E
:101060003C21512003F072FF20884B468DE8A100FF
:1010700034A25A21512003F069FF20884B468DE8A5
:10108000A10032A27821412003F060FF20884B4666
:101090008DE8A10030A29621002003F057FF2088A0
:1010A0004B468DE8A10032A2B421002003F04EFF90
:1010B00020884B468DE8A10030A2D221002003F009
:1010C00045FF20884B468DE8A1002FA2D221AF20FA
:1010D00004F0A3F92E4C4546A7140421204600F045
:1010E000A9FE012811D10821204600F0A3FE012805
:1010F0000BD12946304600F09DFE012805D1394626
:10110000304600F097FE0128E7D0BDE8FE4F00F022
:1011100041B800000004024020000020240000200C
:101120001D000020BFAAB7A2C8CBD4B1C3FBB5A590
:1011300000000000BEB0C0D900000000D0ECC5E047
:10114000D4AD0000D0ECC6EBD6CE0000CCD8B1F0C8
:10115000C3F9D0BB00000000D0ECC5E0D4ADB6D4DC
:10116000D0A1B3B5B2CECAFDB5F7CAD40000000015
:10117000D7F6B3F6B5C4B9B1CFD70000B9CCBCFE31
:10118000B0E6B1BE00000000312E332E3800000062
:10119000000802402DE9FF47584E45F25849307883
:1011A000FD2801D0FC280FD1B088F0230021009049
:1011B0001A46084603F038FD00213223F022084683
:1011C000CDF8009003F030FDB268002410780628B6
:1011D00001D9062100E001468846717800250629DC
:1011E00001D2814209D3FF2901D1411E7170C9B2D8
:1011F000814201D2062900D37570506800F066F96B
:10120000B068182790F8200058B3AA46012871D07A
:10121000BDE8FF87B26804EB840002EBC000C18C1C
:1012200021B17278944211D14A4610E071788C4213
:1012300001D1494600E0B188CDE900170295D18C73
:10124000C4EB041201EB420189B203E0B288CDE99C
:1012500000270295438C8268808C03F077FE641C23
:10126000E4B24445D6D3D3E7B26804EB840502EB7D
:10127000C500C18C21B17278944210D14A460FE06A
:1012800071788C4201D1494600E0B1888DE8820432
:10129000D18CC4EB041201EB420189B202E0B288A6
:1012A0008DE88404438C8268808C04F0B6F8B068C2
:1012B00000EBC500017B65291AD0662918D0C8B299
:1012C000042203A900F006FAB068B18800EBC50259
:1012D0000323528CCDE900210297C08CC4EB04118A
:1012E00000EB410081B29DF80F20C32004F056F8B6
:1012F000641CE4B24445B7D38AE700001C00002018
:101300002DE9FF416D4C00252078FF2805D0FE28EF
:1013100003D0FD2801D0FC280FD1FC2878D0FD286F
:101320000CD0FE2804D0FF28F6D16078401E01E0E2
:101330006078401C6070FFF72DFFBCE06178A0680A
:1013400001EB810200EBC20C9CF80C20652A55D001
:10135000DCF8143045F2584618274FF00108EBB37B
:10136000662A56D0009694F801C0C18CCCEB0C12C2
:1013700007EB42030B4401EB42010CEB8C0200EB48
:10138000C2009BB289B2808CE62203F04DFC6078EB
:10139000A16800EB800001EBC0000422007B03A9E0
:1013A00000F098F96078A16800EB800201EBC202BE
:1013B000C0EB0010528C03238DE8C400C98C9DF84B
:1013C0000F2001EB400081B2C32003F0E7FF00963D
:1013D000CDE90175A2686078D18C00E019E0C0EB1E
:1013E000001300EB800002EBC00001EB4301438CD3
:1013F000826889B2808C04F010F849E0DCF818208B
:101400007AB3E060DCF81800A060A170657092E724
:101410004AE09CF820200096CDE90175C08CC1EB14
:10142000011100EB4100BCF8223081B2D2B1BCF80E
:101430002400DCF8082003F0F0FF00966078A26832
:10144000C0EB001607EB4603D18C00EB80000B4489
:1014500002EBC00001EB46019BB289B2808CE62210
:1014600014E028E0BCF8240015A203F06FFD0096FC
:10147000A0686178C08CC1EB011107EB4102024406
:1014800000EB410093B281B2E622002003F0CCFBD6
:1014900084F803806078A16800EB800001EBC00055
:1014A00040698047E57006E0E06820B1A060C0694F
:1014B000E060A0783EE72570BDE8FF811C000020B9
:1014C000BFAAB7A2C8CBD4B1000000003EB500242B
:1014D000202345F258418DE81A0002464FF6FF736B
:1014E0000A21322003F032FD3EBD0000FEB500F0BF
:1014F00059F94FF478448C23AA225F214B200094A1
:1015000003F092FB002018210094CDE901104FF662
:10151000FF7315A26721572003F07FFF144D0024AD
:101520004FF40056AF143146284600F083FC0128E2
:1015300000D101243146284600F07CFC08B9012C7A
:1015400008D03946284600F075FC48B10A20FFF75C
:1015500010FDE8E700F070F9BDE8FE4005F0E0B9E5
:10156000BDE8FE40FFF7FEB9526573757265000075
:101570000004024008B500F015F900208DF80000C5
:101580006946FE2000F092F89DF80000122807D06E
:10159000002804D104F004FD48B100F083F908BD2F
:1015A00004F0E4FC0028F8D105F07EFD08BD03F04E
:1015B0008BFF08BD2DE9F041C4B000F0F3F84FF403
:1015C00080584346332227A1334802F015FD0128F5
:1015D00040D045F258448C23AA225F214620009433
:1015E00003F022FB1826CDE9004600254FF6FF77D1
:1015F0003B462AA267214E20029503F00EFF64238A
:10160000012243A92448439502F09EFC9DF80C0159
:10161000592801D079281DD18C23AA225F21462088
:10162000009403F001FBCDE900463B461DA2672173
:101630004E20029503F0F1FE4FF48074224603A978
:10164000002000F047F84346224603A9124802F062
:10165000D3FC20B100F026F944B0BDE8F08105F0DC
:101660005FF9F9E7626175645F726174655F3131DA
:10167000353230302C66726F6D5F307830305F7489
:101680006F5F307866662C73656E64275927746FB8
:101690005F76657269667900540E0020576169743F
:1016A000696E670053656E64696E67003EB54FF4FE
:1016B0007A7300910124CDE9014302462346A1211A
:1016C000034800F08BFC002800D001203EBD000044
:1016D000680A00200EB54FF47A738DE80E000246BA
:1016E0000123A121034800F079FC002800D001204B
:1016F0000EBD0000680A002013B584B04FF47A7460
:10170000012305A98DE81A000246A021054800F032
:1017100067FD10B1012006B010BD0520FFF729FCC0
:101720000020F8E7680A00202DE9F04115460E4632
:101730000746002409E03819315D80B2FFF7DCFF6D
:1017400010B10120BDE8F081641CAC42F3DB002045
:10175000F8E7000010B5064801F0C4FD4FF48050D2
:1017600000F074FABDE810404FF4005000F06EBA7B
:101770001C0D002010B5044801F0B4FDBDE8104078
:10178000042000F063BA00001C0D002010B50448CE
:1017900001F0A8FDBDE81040082000F057BA000095
:1017A0001C0D0020FEB5204C4FF400552946204664
:1017B00000F040FB002835D12946204600F03AFBD6
:1017C0000028F9D0194C1B4E194D20880090307814
:1017D0002A68C0EB001C1827D18C07EB4C030B4484
:1017E00000EB800002EBC00001EB4C019BB289B220
:1017F000808CE62203F018FA218800200091CDE9C0
:10180000017030782A68C0EB001300EB8000D18CA7
:1018100002EBC00001EB4301438C826889B2808CEB
:1018200003F0FBFDFEBD000000040240200000208C
:10183000240000201D00002070B500224FF48071AC
:10184000064800F0FCFA00252C46A0B22946FFF716
:1018500053FF641CFF2CF8DD70BD0000000802403F
:101860000EB572B603F016FA4FF47844F023002157
:101870001A460846009403F0D7F90020202100946E
:10188000CDE901104FF6FF7302A2014603F0C5FD3A
:10189000FEE700004552524F525F48414E444C45CE
:1018A000520000003EB54FF478458C23AA225F21F8
:1018B0004B20009503F0B8F9002418200095CDE9DD
:1018C00001044FF6FF730CA26721572003F0A5FD1A
:1018D0004FF47A70FFF74DFB09488C23AA22008849
:1018E00000905F214B2003F09FF906480470BDE88B
:1018F0003E40FFF74FBC00004661696C6564000024
:10190000200000201C00002010B102480068704731
:101910000148FBE7180000201400002090F8351063
:10192000022903D08021416501207047052180F8FC
:1019300035100068016821F0010101600020704746
:101940002DE9F84304464FF00009CDF800906348B4
:101950004FF41651A56D0068B0FBF1F72E6894F8AE
:101960005C20082101FA02F030420FD020680268A2
:1019700052070BD5026822F00402026094F85C0062
:101980008140A960606D40F00100606594F85C10D2
:101990004FF0010808FA01F0304208D02168496987
:1019A000090604D5A860606D40F00200606594F8F7
:1019B0005C1004208840304208D0216809688907FB
:1019C00004D5A860606D40F00400606594F85C1078
:1019D00010208840304218D021680968090714D5C2
:1019E000A86020680168490304D50068000308D591
:1019F000A16C07E00168C90503D4016821F0080162
:101A00000160216C09B12046884794F85C102020C1
:101A10008840304231D021680968C9062DD5A860B8
:101A200094F8350005282068016806D0490347D599
:101A3000006800031DD4616C1CE021F016010160F8
:101A40002068416921F080014161206C08B9A06CD7
:101A500020B12068016821F00801016094F85C1051
:101A60003F208840A86084F8358084F83490216D48
:101A70001FE0E16B09B120468847606D00282BD03C
:101A8000606DC00714D0052084F835002068016817
:101A900021F0010101600098401C0090B84203D879
:101AA00020680068C007F6D184F8358084F8349047
:101AB000E16C002910D001B02046BDE8F043084792
:101AC0000168C905D5D4016821F01001016084F8CE
:101AD000358084F83490CCE7BDE8F8836C060020AC
:101AE0002DE9F041044600F0AFF905465CB1022053
:101AF00084F83500002684F834602068016821F0FD
:101B0000010101600DE00120BDE8F08100F09CF9C9
:101B1000401B052805D920206065032084F8350086
:101B2000F2E720680068C007F0D121680A68204801
:101B30000240D4E901031843D4E903352B43184389
:101B400063691843A3691843E3691843236A184378
:101B50001043626A042A03D1D4E90B231A431043C9
:101B6000086020684069656A20F0070128460D4337
:101B7000012704280CD1A06A0543E06A40B1204641
:101B8000FFF7B8F920B14020606584F83570BAE7F6
:101B9000206845612046FFF799F994F85C203F21C1
:101BA00091408160666584F835700020ACE70000E4
:101BB0003F8010F02DE9F0410446866D90F8340026
:101BC000002501280DD0012084F8340094F83570E8
:101BD0000020012F07D084F8340002252846BDE8F4
:101BE000F0810220FBE7022784F83570606520460B
:101BF000FFF7AAF994F85C103F208840B060206895
:101C0000016841F016010160206C20B12068016874
:101C100041F0080101602068016841F001010160A4
:101C2000DCE7000070B5044600F00EF90546601CC4
:101C300002D004480078044400F006F9401BA0429A
:101C4000FAD370BD6006002070470000044910B54B
:101C50000A68024202D00860FFF7F6FF10BD0000DC
:101C6000143C01402DE9F84FDFF89C910022A9F1C6
:101C7000040B03274FF00F0C09F1040AABF1040E1B
:101C800001250B6895402B40AB426ED10C7904F0D6
:101C90000304012C01D0022C15D18668540007FAE8
:101CA00004F826EA0806D1F80C8008FA04F848EA95
:101CB0000608C0F808804468AC430D79C5F30015E8
:101CC0009540254345600C79E443A40708D0C568D6
:101CD000540007FA04F6B5438E68A6402E43C6604A
:101CE0000C7904F00304022C11D1D40800EB840613
:101CF000356A5407E40E0CFA04F825EA0805D1F811
:101D0000108008FA04F848EA0508C6F8208005683B
:101D1000540007FA04F6B5430E7906F00306A64010
:101D20002E4306604C6814F4403F66D0374C25685B
:101D300045F480452560246822F0030504F48044BE
:101D40000094334C05EB0408D8F808589407260F84
:101D50000CFA06F4A5432F4CA04201D1002424E044
:101D60002D4CA04202D101241FE046E02B4CA042A2
:101D700001D1022419E02A4CA04201D1032414E02D
:101D8000284CA04201D104240FE0274CA04201D1ED
:101D900005240AE0254CA04201D1062405E0244C8C
:101DA000A04201D1072400E00824B4402C43C8F825
:101DB0000848D9F800404D464E689C43F60200D5CD
:101DC0001C432C60DAF8004055464E689C43B6022E
:101DD00000D51C432C60DBF800405D464E689C43F8
:101DE000B60300D51C432C60DEF8004075464E68F3
:101DF0009C43F60300D51C432C60521C102AFFF4B0
:101E00003FAFBDE8F88F0000083C01404438024075
:101E1000003001400000024000040240000802407F
:101E2000000C024000100240001402400018024062
:101E3000001C02400069084000D0012070470AB130
:101E4000816170470904FBE7014880687047000022
:101E50006006002070B5040025D094F83D000025F0
:101E600020B984F83C50204600F052FA242084F82F
:101E70003D002068016821F00101016020680168CF
:101E800041F4004101602068016821F400410160D3
:101E900000F0B8FB4D4B6168994201D84C4900E015
:101EA0004C49884201D2012070BD4B492268B0FBE9
:101EB000F1F1566826F03F060E43566062689A427A
:101EC00006D94FF4967251434FF47A72B1FBF2F196
:101ED0002268491C166A26F03F0631431162616888
:101EE000994210D84900401EB0FBF1F2521CC2F3D7
:101EF0000B02042A01D2042022E0B0FBF1F0401CC6
:101F0000C0F30B001CE0A268F2B301EBC10303EBCA
:101F10000116431EB3FBF6F35B1C43F480431B0521
:101F200049D092B301EBC10202EB0111401EB0FB9C
:101F3000F1F0401CC0F30B0040F4804040F400403E
:101F40002168CA694CF6FF739A431043C861D4E90B
:101F5000071001432068026822F0C00211430160AB
:101F6000D4E9030101432068826848F2FF339A43B1
:101F700011438160D4E9051001432068C26822F052
:101F8000FF021143C16001E00EE016E02068016825
:101F900041F0010101602564202084F83D002563A3
:101FA00084F83E50002070BD01EB4106431EB3FB98
:101FB000F6F35B1CB3E70120C2E701EB4101401ED1
:101FC000B0FBF1F0401CC0F30B00B7E7A0860100A6
:101FD00080841E0000093D0040420F002DE9FF4FA4
:101FE00083B09A46DDE9118793460446DDF84090B8
:101FF000FFF72AFF054694F83D00202870D11923E9
:10200000012274492046009502F05BF90028F5D1C1
:1020100094F83C00012863D0012084F83C0020683B
:102020000168C90703D1016841F00101016020681E
:10203000016821F400610160222084F83D00402005
:1020400084F83E0000262664C4F82490A4F82A8070
:10205000608D20856048E062CDE9007553465A46A0
:102060002046049902F030F8002879D1208DD0B1B3
:10207000012821D00228206824D04169806900907D
:10208000208D032866D801282BD0544902283B46CE
:102090004FF00002009557D08846204602F011F913
:1020A00000285DD13AE020684169816900910168AA
:1020B00041F4007101607DE02068016821F48061D5
:1020C0000160F0E7016821F4806101602068016827
:1020D00041F400610160206841698069009069E015
:1020E00075E02A463946204602F08CF988BB54E058
:1020F0002068016841F40071016020680069616A2C
:102100000870606A401C6062218D491E2185618DC6
:10211000491E618521680969017042E020680168F3
:1021200021F48061016020680069616A0870606A5A
:10213000401C6062208D401E2085608D401E6085A1
:102140003B46002241460095204602F0BAF800B90D
:10215000CEE705E02A463946204602F053F918B189
:10216000012007B0BDE8F08F20680069616A08703F
:10217000606A401C6062208D401E81B22185608DA6
:10218000401E608520684269D243520712D4032959
:1021900003D1016821F48061016020680069616AEF
:1021A0000870606A401C6062208D401E2085608D32
:1021B000401E6085208D00287FF462AF202084F8C7
:1021C0003D0084F83E6084F83C600020C9E70220AE
:1021D000C7E70000020010000000FFFF040001003C
:1021E0002DE9FF4F83B09A46DDE9119793460446E7
:1021F000DDF84080FFF728FE054694F83D002028D2
:102200007FD11923012240492046009502F059F858
:10221000002876D194F83C00012872D0012084F87F
:102220003C0020680168C90703D1016841F0010141
:1022300001602068016821F400610160212084F8B8
:102240003D00402084F83E0000262664C4F8248027
:10225000A4F82A90608D20852C48E062CDE90075B5
:1022600053465A462046049901F0ACFF70B930E05D
:102270002A463946204602F0FFF858B1206C04285F
:1022800004D12068016841F400710160012007B0A9
:10229000BDE8F08F606A216800780861626A521CAC
:1022A0006262208D401E80B22085618D491E61854D
:1022B00021684B69DB435B070BD468B11078086178
:1022C000606A401C6062208D401E2085608D401E2B
:1022D0006085208D0028CBD12A463946204601F062
:1022E000C5FF0028CAD154F83D0B016841F40071C4
:1022F0000160202004F81E09E67766770020C6E713
:10230000FFE70220C3E70000020010000000FFFF0B
:10231000F0B587B0044614216846FDF78BFF1B49D2
:10232000206888422FD11A48016841F004010160F9
:10233000016801F004010591016841F001010160AB
:102340000068042400F0010005904FF4007012258D
:102350000126032704948DE8E10069460D48FFF744
:1023600081FCA00104948DE8E10069460A48FFF76A
:1023700079FC07481030016841F4000101600068F1
:1023800000F40000059007B0F0BD0000005C0040C4
:1023900030380240000802400000024002488168D4
:1023A0000278114481607047600600200B4810B528
:1023B000016841F400710160016841F480610160CD
:1023C000016841F480710160032000F06FF80F2074
:1023D00000F006F800F024F8002010BD003C024098
:1023E00070B50D4D04464FF47A712878B1FBF0F0CA
:1023F0000A490968B1FBF0F000F004FE48B9102C5E
:1024000007D200222146501E00F030F800206C60F8
:1024100070BD012070BD0000600600206C06002029
:102420000A4808B5016841F480410160006800F481
:10243000804000900548001F016841F08051016014
:10244000006800F08050009008BD00004438024051
:10245000002809DB00F01F020121914040098000A3
:1024600000F1E020C0F8001170470000F0B40E4BFE
:102470001B68C3F30223C3F10704042C00D904240E
:102480001D1D072D01D2002300E0DB1E012606FAE8
:1024900004F56D1E0D409D409E40761E164045EA97
:1024A0000601F0BC04F0C1BE0CED00E0064A00F0ED
:1024B000070110684FF6FF03184040EA0120034966
:1024C00008431060704700000CED00E00000FA05C2
:1024D0002DE9F0470D46040065D0DFF81491D9F8D6
:1024E0000000EFB200F00700A84207D289F80070A0
:1024F000D9F8000000F00700A84254D120683D4EF2
:10250000810712D5400703D5306840F4E0503060B1
:102510002078000703D5306840F4604030603068B0
:10252000A16820F0F000084330602078C0072DD06B
:10253000304960680839012812D0022813D00328D6
:1025400011D00968890700292DDA316821F00301CB
:1025500001433160FFF778FC804641F2883A0EE093
:1025600009688903EFE709688901ECE7FFF76CFC6C
:10257000A0EB0801514502D90320BDE8F08730687F
:10258000616800F00C00B0EB810FEFD1D9F80010BA
:10259000484601F00701A94207D90770006800F01A
:1025A0000700A84201D00120E7E72078400705D5C1
:1025B0003068E16820F4E05008433060207800077C
:1025C00006D53068216920F4604040EAC1003060DF
:1025D00000F038F83168084AC1F30311515CC84073
:1025E0000649086006480068FFF7FAFE0020C4E7C5
:1025F000003C0240083802405AD200086C06002015
:10260000640600200448054900680968044AC1F3CB
:102610008221515CC84070476C0600200838024097
:102620006AD200080448054900680968044AC1F3F1
:102630004231515CC84070476C06002008380240A7
:102640006AD20008154810B5006810F00C01144853
:1026500013D0431004290FD008290ED10F4C241F8A
:10266000216801F03F022168490207D52068C0F3C4
:102670008810A0FB030106E0184610BD2168C1F3D5
:102680008811A1FB00010023FDF79CFD2168C1F327
:102690000141491C4900B0FBF1F010BD083802406F
:1026A0000024F4002DE9F84F040075D02078DFF8FD
:1026B00038A3C007AAF1040548D00AF10400016854
:1026C000C1F38101012908D00068C0F3810002280C
:1026D0000AD1DAF80000400206D52868800335D513
:1026E00060680028E1D031E06068B0F5803F10D02C
:1026F000B0F5A02F286810D020F48030286028681A
:1027000020F4802028606068A0B1FFF79DFB06469A
:102710000CE0286840F48030F4E740F48020286022
:10272000F7E7FFF791FB801B642871D828688003C6
:10273000F7D50BE0FFF788FB064604E0FFF784FBC4
:10274000801B6428F1D828688003F7D42078DFF84C
:102750009C9280074FF0000B3DD5A348001D0168F7
:1027600011F00C0F08D00068C0F3810002280AD1D4
:10277000DAF80000400206D42868800715D5E06822
:10278000012809D111E0E068B8B10120C9F80000C2
:10279000FFF75AFB064605E022E1FFF755FB801BD9
:1027A0000228C2D828688007F7D52868216920F058
:1027B000F80040EAC10028600DE0C9F800B0FFF75A
:1027C00043FB064604E0FFF73FFB801B02281FD8AF
:1027D00028688007F7D42078000722D5824F8448E4
:1027E0006169703771B101210160FFF72DFB064669
:1027F00004E0FFF729FB801B022809D8386880070E
:10280000F7D50EE0C0F800B0FFF71EFB064605E066
:1028100082E0FFF719FB801B02287DD8386880070B
:10282000F7D42078400765D56F484FF000083C305A
:102830000068C0000BD46C483C30016841F0805106
:10284000016000684FF0010800F080500090694F6F
:102850003868C0050FD4386840F480703860FFF7DE
:10286000F3FA064604E0FFF7EFFA801B022853D87C
:102870003868C005F7D55C4FA0686C3701280FD0C9
:102880000528386810D020F001003860386820F042
:1028900004003860A068B0B1FFF7D6FA06460EE033
:1028A000386840F00100F4E740F004003860F7E7D2
:1028B000FFF7CAFA811B41F28830814263D8386839
:1028C0008007F5D50DE0FFF7BFFA064606E0FFF7F3
:1028D000BBFA811B41F28830814254D838688007A6
:1028E000F5D4B8F1000F05D03F483C30016821F025
:1028F00080510160A069B8B33B49091D0968C1F363
:102900008101022946D00228584606D0C9F8600045
:10291000FFF79AFA044639E035E04F46C9F86000FF
:10292000FFF792FA064604E0FFF78EFA801B0228B2
:1029300029D828688001F7D4D4E907010843A16A9F
:102940002D4A490802EB0141626A41EA82110843BB
:1029500094F82C1040EA0161CAF800100120386692
:10296000FFF772FA044605E03CE0FFF76DFA001B42
:10297000022808D828688001F7D533E0FFF764FA09
:10298000001B022802D90320BDE8F88F28688001C7
:10299000F4D427E00128F7D0DAF80000E26900F467
:1029A000800191421CD1226A00F03F01914217D16F
:1029B00047F6C071626A0140B1EB821F10D1A26A72
:1029C0004FF0FF3300F4403103EB5202B1EB024F02
:1029D00006D194F82C1000F07060B0EB016F01D0BC
:1029E0000120D1E70020CFE7043802400000474231
:1029F000800E4742007000400000FFFF70B50400E9
:102A000009D0606A002540B125616561A56294F82E
:102A1000510040B10CE0012070BD6068B0F5827FCC
:102A2000F4D0E561F2E784F85050204600F044F815
:102A3000022084F851002068016821F04001016003
:102A4000A088218900F4827001F404410843A1891F
:102A500001F400610843217C01F002010843217D5B
:102A600001F001010843218B01F400710843217F2B
:102A700001F03801084394F8201001F08001084368
:102A8000218D01F40051084321680860A0690421E8
:102A900001EA104094F8241001F010010843216865
:102AA00048602068C16921F40061C1616565012049
:102AB00084F85100002070BD30B587B00446142161
:102AC0006846FDF7B7FB224D206800242149022209
:102AD0000323A8421AD11F481430056845F48055D5
:102AE0000560006800F480500590086840F001001F
:102AF00008600868694600F001000590E0208DE854
:102B000015000520CDE9033013481DE0134DA84200
:102B10001CD110481030056845F400450560006878
:102B200000F400400590086840F004000860086860
:102B3000694600F0040005904FF4A0508DE81500A0
:102B40000620CDE903300648FFF78CF807B030BD0A
:102B5000003001403038024000000240003C00409C
:102B6000000802402DE9F84F044690F851001D4638
:102B70001746884601283AD160684FF00409B0F53D
:102B8000827F01D1A06840B3FFF75EF90646B8F135
:102B9000000F74D0002F72D094F85000012826D076
:102BA0004FF0010A84F850A084F851904FF00009CA
:102BB000C4F85490C4F83880A787E787C4F83090E9
:102BC000A4F83490A4F83690C4F84090C4F8449027
:102BD000A068B0F5004F0CD015E084F85190009338
:102BE00013460A46204600F01AF9BDE8F88F022085
:102BF000FBE72068016821F040010160206801685E
:102C000021F48041016020680168490603D401680D
:102C100041F040010160E068B8B132E020688168AD
:102C2000C90709D0007BA16B0870A06B401CA06392
:102C3000E08F401EE08708E0FFF706F9801BA842FE
:102C400002D3681C01D031E07DB3E08F0028E5D1CC
:102C50001AE020688168C90709D0C068A16B0880A4
:102C6000A06B801CA063E08F401EE08709E0FFF7A7
:102C7000EBF8801BA84203D3681C02D016E012E0D8
:102C80009DB1E08F0028E4D132462946204603F06A
:102C900085FD08B12020606584F851A084F850902B
:102CA000606D0028A1D001209FE7FFE784F851A0C4
:102CB00084F85090032098E72DE9F84F1D461746F9
:102CC0008A460446FFF7C0F8064694F851000128EA
:102CD00026D1BAF1000F77D0002F75D094F85000AC
:102CE00001281DD04FF0010984F85090032084F88A
:102CF00051004FF00008C4F85480C4F830A0A786F3
:102D0000E786C4F83880A4F83C80A4F83E80C4F874
:102D10004480C4F84080A068B0F5004F03D00CE0B8
:102D20000220BDE8F88F2068016821F040010160B1
:102D30002068016841F4804101602068016849060B
:102D400003D4016841F040010160E068B0F5006F14
:102D5000606803D028B3012F23D03FE008B1012FD2
:102D60001BD1206B21680088C86006E0206881685C
:102D7000890709D5216B0988C160206B801C2063FD
:102D8000E08E401EE08608E0FFF75EF8801BA84258
:102D900002D3681C01D02FE075B3E08E0028E5D186
:102DA0001FE0206B21680078087306E020688168C6
:102DB00089070AD5216B09780173206B401C2063B9
:102DC000E08E401EE08609E027E0FFF73DF8801B1B
:102DD000A84202D3681C01D00EE06DB1E08E00283D
:102DE000E4D132462946204603F006FD08B12020F2
:102DF0006065A06830B109E084F8519084F8508093
:102E000003208EE72068C1688068009084F85190A4
:102E100084F85080606D002883D0012081E72DE97F
:102E2000FF4F81B01F469346044601250E9EFFF7D3
:102E30000BF8804694F851006168012806D0B1F57E
:102E4000827F3CD1A168C9BB042838D102980028F0
:102E500070D0BBF1000FFBD0002FF9D094F85000D8
:102E600001282CD04FF0010A84F850A094F85100AA
:102E7000042802D0052084F851004FF00009C4F85E
:102E80005490C4F838B0E787A78702992163E78692
:102E9000A786C4F84090C4F84490206801684906A9
:102EA00003D4016841F040010160E068B0F5006FB3
:102EB000606808D0E8B3012F47D07DE0FFE702202B
:102EC00005B0BDE8F08F08B1012F37D1206B216824
:102ED0000088C860206B801C2063E08E401EE08666
:102EE0002CE02068816889070DD5E18E59B1012D4C
:102EF00009D1216B0988C160206B801C2063E08EA2
:102F0000401EE086002520688168C9070BD0E18F4C
:102F100049B1C068A16B0880A06B801CA063E08FE2
:102F2000401EE0870125FEF78FFFA0EB0800B042AE
:102F300001E00AE064E001D3701C4ED1E08E00286D
:102F4000CFD1E08F0028CCD13CE0206B2168007805
:102F50000873206B401C2063E08E401EE0862BE04F
:102F60002068816889070DD5E18E59B1012D09D1FD
:102F7000216B09780173206B401C2063E08E401E9A
:102F8000E086002520688168C9070BD0E18F49B130
:102F9000C068A16B0870A06B401CA063E08F401E4E
:102FA000E0870125FEF750FFA0EB0800B04202D3F6
:102FB000701C01D011E086B1E08E0028D0D1E08FE6
:102FC0000028CDD142463146204603F015FC50B1D1
:102FD0002020606584F8509012E084F851A084F8B5
:102FE000509003206CE7A06818B92068C168806819
:102FF000009084F851A084F85090606D0028F1D0C2
:1030000001205DE710B5401EB0F1807F01D30120A3
:1030100010BD4FF0E02460610F21601704F005F946
:103020000020A06107202061002010BD704770477C
:1030300010B590F83C20012A22D0012280F83C20D3
:10304000CA688C6822F4407222434C6822F4806281
:1030500022430C6822F4006222430C6922F480525D
:1030600022434C6922F400522243C969002322F40E
:1030700080420A4301684A6480F83C30002010BD59
:10308000022010BD70B590F83C20012A32D00125F5
:1030900080F83C50022280F83D2002685368946812
:1030A00023F070060B6833435360134B02689A4257
:1030B00014D0B2F1804F11D0104B9A420ED0104B69
:1030C0009A420BD00F4B9A4208D00F4B9A4205D030
:1030D0000E4B9A4202D00E4B9A4204D1496824F01A
:1030E00080031943916080F83D50002180F83C1026
:1030F000084670BD022070BD000001400004004081
:1031000000080040000C0040000401400040014065
:103110000018004010B5040003D094F83D0010B131
:1031200007E0012010BD002084F83C00204600F09C
:103130001FF8022084F83D00211D206803F0EAFCFE
:10314000012084F8460084F83E0084F83F0084F8AB
:10315000400084F8410084F8420084F8430084F879
:10316000440084F8450084F83D00002010BD0000B4
:1031700038B50546524A016800235248914218D199
:10318000016841F0010101600068002200F00100C7
:10319000009001211820FFF769F91820FFF758F96E
:1031A000002201211920FFF761F91920FFF750F9DA
:1031B0007CE0444A121FB1F1804F11D0424B99423A
:1031C00039D1106840F0020010601068002200F051
:1031D0000200009001211D20FFF748F91D206BE03F
:1031E000106840F0010010601068394C00F00100D8
:1031F0000090364820604FF0C06060604020C4E915
:10320000020300012061800060618000A0618011E4
:10321000C4E9070320466362FEF762FC08B1FEF7CB
:103220001FFBAC622C63002201211C20A563FFF769
:103230001DF91C2040E0274B994208D1106840F04E
:1032400008001060106800F00800009038BD224AA5
:1032500091420ED1016841F4803101600068002282
:1032600000F48030009001211820FFF7FFF81820AB
:1032700022E01A4A91420ED1016841F40031016006
:103280000068002200F40030009001211920FFF7AF
:10329000EDF8192010E0124A9142D7D1016841F4AB
:1032A00080210160006800F4802000900022114617
:1032B0001A20FFF7DBF81A20BDE83840FFF7C8B83E
:1032C000000001404438024000040040A060024079
:1032D000F40D0020000C004000400140004401407B
:1032E0000048014090F83D10012901D001207047AD
:1032F000022180F83D100168CA6842F00102CA60EC
:1033000000681149884214D0B0F1804F11D00F49A4
:1033100088420ED00E4988420BD00E49884208D010
:103320000D49884205D00D49884202D00C49884297
:1033300004D1816801F00701062903D0016841F03A
:1033400001010160002070470000014000040040BE
:1033500000080040000C0040000401400040014013
:10336000001800400168CA6822F00102CA600168C2
:103370000A6A41F211131A4207D10A6A9B101A42D3
:1033800003D10A6822F001020A60012180F83D1091
:103390000020704770B5044690F83C0000250128D5
:1033A00017D0012684F83C60022084F83D00206894
:1033B000826822F0770222F47F42826008685028F7
:1033C00038D00DDC20284FD005DC90B3102811D167
:1033D0004AE0022070BD302846D040280AD13BE0A8
:1033E00060282FD070280DD0B0F5805F03D0B0F5E5
:1033F000005F12D0012584F83D60002084F83C0075
:10340000284670BDCB68D1E90121206803F070FC2B
:103410002068816841F0770109E0CB68D1E901219A
:10342000206803F065FC2068816841F48041816078
:10343000E1E719E0CA684968206803F02DFD5021D2
:10344000206806E0CA684968206803F036FD6021FC
:10345000206803F057FCCEE7CA684968206803F08B
:103460001BFD40212068F4E7226801461046F0E782
:103470002DE9F0410D46040003D094F83D0018B149
:1034800008E00120BDE8F081002084F83C002046DF
:1034900000F040F8022084F83D002068816844F282
:1034A000070291438160211D206803F033FB2068EF
:1034B00081688269066A2B68AF690B4340F2033169
:1034C0008A4342EA0722A968EF6911434FF6FC429A
:1034D0009143EA6841EA07210A4329692F6A0901F1
:1034E00041EA073111436A686D6926F0AA0646EA87
:1034F00005152A4383602068816154F8460B0262F7
:10350000012004F81F09E0752076E0762077A07589
:103510000020B7E710B586B0044614216846FCF7D2
:1035200089FE2068204C002320490222A0421AD1A3
:103530001E481030046844F004040460006800F081
:1035400004000590086840F00800086008686946B3
:1035500000F0080005904FF440508DE80D00CDE9D3
:10356000033213481CE0134CA0421BD10F48143007
:10357000046844F002040460006800F00200059052
:10358000086840F0040008600868694600F004001C
:103590000590C0208DE80D000320CDE903300648DA
:1035A000FEF760FB06B010BD000800403038024056
:1035B000000C0240000401400008024070B590F881
:1035C0003E50044690F83F3090F8422090F8430077
:1035D000022621B104290BD0012D16D10FE0012DB7
:1035E00013D1012A11D184F83E6084F8426016E0BC
:1035F000012B0AD1012808D184F83F600DE0012B8E
:1036000003D1012A01D1012801D0012070BD84F825
:103610003E6084F83F6084F8426084F8436091B172
:10362000042904D001220021206803F0DFFA0122DE
:103630000421206803F0DAFA2068016841F00101F2
:103640000160002070BD012200212068F2E7704770
:1036500070472DE9F04104460068C66805694FF0DF
:103660000007A90713D5B10711D5F91E0161012083
:103670002077206880698007204602D0FFF7E8FFA6
:1036800004E000F0E5F8204600F077F927776807B6
:1036900016D5700714D521686FF004000861022068
:1036A00020772068806910F4407F204602D0FFF721
:1036B000CFFF04E000F0CCF8204600F05EF9277759
:1036C000280715D5300713D521686FF00800086169
:1036D000042020772068C0698007204602D0FFF7C9
:1036E000B7FF04E000F0B4F8204600F046F9277771
:1036F000E80616D5F00614D521686FF010000861B1
:10370000082020772068C06910F4407F204602D04E
:10371000FFF79EFF04E000F09BF8204600F02DF933
:103720002777E80708D0F00706D021686FF001007E
:103730000861204600F01AFB280608D5300606D599
:1037400021686FF0800008612046FFF76FFC680673
:1037500008D5700606D521686FF040000861204644
:1037600000F06CFBA8060AD5B00608D521686FF0FA
:10377000200008612046BDE8F041FFF758BCBDE8D5
:10378000F081000070B586B0044614216846FCF74D
:1037900051FD284821680024274B0222012581423F
:1037A0000DD1186840F010001860186800F0100083
:1037B000059048158DE815006946204822E020480C
:1037C000B1F1804F12D01F4EB14221D1186840F0A4
:1037D000020018601868694600F002000590202079
:1037E0008DE81500CDE9034217480DE0196841F056
:1037F00001011960196801F00101059108218DE8A6
:1038000016006946CDE90345FEF72CFA06B070BDF7
:103810000E4EB142FAD1196841F0010119601968E0
:103820000095CDE9012401F00101CDE904210394C3
:103830006946E9E7000001403038024000100240CC
:10384000000002400004004000040240000C004060
:10385000704770B5044690F83C0000260D460128DC
:103860000FD0012084F83C006AB1042A1DD0082A38
:103870002FD00C2A3FD00126002084F83C0030468F
:1038800070BD022070BD206803F044FA2068816991
:1038900041F0080181612068816921F004018161A2
:1038A000206881692A69114311E0206803F062FAF7
:1038B0002068816941F4006181612068816921F497
:1038C00080618161206881692A6941EA0221816100
:1038D000D2E7206803F084FA2068C16941F008014A
:1038E000C1612068C16921F00401C1612068C1691A
:1038F0002A69114311E0206803F0A6FA2068C16923
:1039000041F40061C1612068C16921F48061C16135
:103910002068C1692A6941EA0221C161ACE710B59A
:10392000040003D094F83D0010B107E0012010BD61
:10393000002084F83C00204600F01EF8022084F8A5
:103940003D00211D206803F0E5F8012084F84600C1
:1039500084F83E0084F83F0084F8400084F8410079
:1039600084F8420084F8430084F8440084F8450059
:1039700084F83D00002010BD70477047704700007C
:1039800010B5044649B104290AD008290BD094F88F
:10399000410001280AD0012010BD94F83E00F8E74C
:1039A00094F83F00F5E794F84000F2E70220B1B345
:1039B000042938D0082939D084F841000122206830
:1039C00003F014F91B4920681B4A884201D0904239
:1039D00003D1436C43F4004343642068884213D00E
:1039E000B0F1804F10D0154988420DD0144988425B
:1039F0000AD01449884207D0904205D01249884223
:103A000002D01249884204D1816801F007010629D9
:103A100003D0016841F001010160002010BDFFE703
:103A200084F83E00CAE784F83F00C7E784F8400006
:103A3000C4E7000000000140000401400004004011
:103A400000080040000C0040004001400018004009
:103A50002DE9F04117460D0004464FF0000611D045
:103A6000042D12D0082D13D094F8410002287DD0E7
:103A70008DB1042D12D0082D13D094F841000128E7
:103A800012D0B4E094F83E00F0E794F83F00EDE780
:103A900094F84000EAE794F83E00F0E794F83F001D
:103AA000EDE794F84000EAE7002F60D0002B5ED0ED
:103AB00002208DB1042D12D0082D13D084F84100BE
:103AC0004E484F494F4A85B1042D22D0082D6AD067
:103AD0000C2D7DD0012663E084F83E00F0E784F8E9
:103AE0003F00EDE784F84000EAE7D4F824C0CCF8C2
:103AF0003C00606A0164606A3946C2642268606A98
:103B00003432FEF757F890BB2068C16841F4007169
:103B100012E0D4F828C0CCF83C00A06A0164A06A86
:103B20003946C2642268A06A3832FEF743F8F0B919
:103B30002068C16841F48061C16001222946206883
:103B400003F054F830492068304A884201D090424E
:103B500003D1436C43F4004343642068884216D089
:103B6000B0F1804F13D02A49884201E019E03EE0CD
:103B70000DD0284988420AD02749884207D0904270
:103B800005D02649884202D02549884204D181685F
:103B900001F00701062903D0016841F0010101602D
:103BA0003046BDE8F081D4F82CC0CCF83C00E06A87
:103BB0000164E06A3946C2642268E06A3C32FDF77B
:103BC000F9FFA0B92068C16841F40061B4E7FFE7DC
:103BD000D4F830C0CCF83C00206B0164206B39462F
:103BE000C2642268206B4032FDF7E4FF08B1012077
:103BF000D7E72068C16841F480519DE7076C000851
:103C0000656C00089D6C0008000001400004014044
:103C10000004004000080040000C0040004001404B
:103C20000018004030B504460D460068002202F03E
:103C3000DDFF194941F2111220689310884202D029
:103C40001649884209D1016A114206D1016A194216
:103C500003D1416C21F4004141642068016A1142A2
:103C600006D1016A194203D1016821F00101016006
:103C700001203DB1042D08D0082D09D084F8410061
:103C8000002030BD84F83E00FAE784F83F00F7E7F3
:103C900084F84000F4E70000000001400004014007
:103CA00070B50D0004464FF0000607D0042D0CD06F
:103CB000082D40D00C2D45D001263AE02068C1687F
:103CC00021F40071C160606A05E02068C16821F4D8
:103CD0008061C160A06AFDF721FE002229462068AC
:103CE00002F084FF1F4941F21112206893108842AC
:103CF00002D01D49884209D1016A114206D1016AE8
:103D0000194203D1416C21F4004141642068016AE9
:103D1000114206D1016A194203D1016821F0010163
:103D200001600120ADB1042D16D0082D17D084F804
:103D30004100304670BD2068C16821F40061C16057
:103D4000E06AC8E72068C16821F48051C160206B37
:103D5000C1E784F83E00ECE784F83F00E9E784F827
:103D60004000E6E700000140000401402DE9F04179
:103D700007462A482A4E874201D0B06805E070689D
:103D8000401C7060B068401CB0600024B0F57A6FD1
:103D900006D1B4609FED230A00F008FD00F0D4FCCA
:103DA0002149706888420CD174601D4D00246D1C3F
:103DB000A0B26B782A78A97803F0CAF9641C082CA1
:103DC000F6DB1A48874227D1194D4FF48051284617
:103DD000FEF730F8174C08B9FC2020704FF4005162
:103DE0002846FEF727F808B9FD202070124D04215F
:103DF0002846FEF71FF808B9FF2020700821284642
:103E0000FEF718F808B9FE20207001203070BDE8D8
:103E1000F0410648FFF7A6BABDE8F081B40B0020D8
:103E2000000000200AD7A33B803801001C0D0020B1
:103E3000000402401C00002000080240704770B5DA
:103E4000040004D094F84100002510B106E00120E0
:103E500070BD84F84050204600F024F8242084F8F7
:103E600041002068C16821F40051C160204603F080
:103E70005DF82068016921F4904101612068416981
:103E800021F02A0141612068C16841F40051C160FC
:103E90006564202084F8410084F8420065630020B6
:103EA00070BD000070B586B0064614216846FCF768
:103EB000C1F92049306888423AD11F48002501687D
:103EC00041F010010160006800F0100005901A48F0
:103ED0001438016841F0010101600068694600F092
:103EE000010005904FF4C06000900220CDE901056B
:103EF00003200390072004901048FDF7B3FE114CF7
:103F00000F4820604FF0006060604020C4E9020567
:103F10000001C4E904058010C4E90650256220466A
:103F20006562FDF7DDFD08B1FDF79AFCB463A66399
:103F300006B070BD0010014044380240000002404D
:103F4000B86402409C0E00202DE9F84F044690F81A
:103F50004200984615460E46202802D00220BDE8B1
:103F6000F88FBEB1B5B100206064222184F8421000
:103F70002063FDF769FFA5858246E585A0684FF4BB
:103F800080574FF02009B84201D1206920B1354651
:103F9000002628E00120E2E7002524E05346002225
:103FA00020212046CDF8008003F046F818B184F8AF
:103FB00042900320D3E725B1A068B84219D038B1A8
:103FC00008E020684068C0F3080026F8020B07E00C
:103FD000206970B12068406800F07F0005F8010B8F
:103FE000E08D401EE085E08D0028D7D184F8429016
:103FF000B5E720684068F1E72DE9F843044690F8FA
:1040000041001F4615460E46202802D00220BDE87A
:10401000F8838EB185B100206064212084F84100CE
:10402000FDF712FFA5848146E584A0684FF02008C3
:10403000B0F5805F02D003E00120E8E7206910B10D
:10404000354600260EE000250CE08021204602F0D7
:10405000F3FFA0B9BDB115F8010B21684860E08CF1
:10406000401EE084E08C4B464FF000020097002891
:10407000EBD14FF04001204602F0DEFF40B184F862
:1040800041800320C3E736F8020BC0F30800E4E7E1
:1040900084F841800020BAE7FEE701684A69D2430C
:1040A00052050FD46FF480624A61002140F8301F3E
:1040B000202242738173026942F00402026101739B
:1040C00001207047002070472DE9F84F0446006832
:1040D00089460B9E01689846174641F4806101604D
:1040E0002068016841F48071016000964FF0011B67
:1040F0000022594620460A9B00F0E3F84FF4007A6C
:1041000040B120680068C00501D5C4F840A0032074
:10411000BDE8F88F216809F0FE00086133462849A0
:1041200020460A9A00F011F9F0BB206841698069C5
:104130000090324620460A9900F09EF940B1206C6A
:1041400004283AD12068016841F40071016034E02C
:10415000FDB2B8F1010F09D02168380A0861324672
:1041600020460A9900F088F90028E8D12068056106
:10417000324620460A9900F07FF90028DFD12068F6
:10418000016841F480710160009600225946204682
:104190000A9B00F096F80028B3D1216809F0FF00CF
:1041A00040F00100086100E007E033460449204682
:1041B0000A9A00F0CAF80028AAD00120A8E7000057
:1041C000020001002DE9F843044600680D46DDE9D0
:1041D000089701689846164641F4807101604B4685
:1041E00000224FF001112046009700F06AF848B114
:1041F00020680068C00502D54FF4007020640320D9
:10420000BDE8F883216805F0FE0008613B464A4698
:104210001549204600F099F888B9206841698069FD
:1042200000903A464946204600F026F948B1206CF5
:10423000042804D12068016841F400710160012064
:10424000DEE7F5B2B8F1010F09D02168300A086144
:104250003A464946204600F00FF90028E7D1206889
:1042600005610020CCE700000200010070B5164691
:104270000D4604461EE02046FFF70FFF08B101205F
:1042800070BD681C16D0FDF7DFFD801BA84200D86A
:1042900085B920684069C04340070BD5002044F829
:1042A000300F20216173A073216941F02001216149
:1042B0002073E4E720684069C0434007DBD4002056
:1042C00070BD2DE9F0471E4690460D460446C1F3E9
:1042D0000747DDF8209026E0701C24D0FDF7B4FDE0
:1042E000A0EB0900B04200D8EEB92068012F16D02B
:1042F000806925EA00000004000C12D0002040452F
:1043000011D1002044F8300F20216173A07321697E
:1043100041F02001216120730120BDE8F087406950
:10432000E7E70120EBE72068012F0AD0806925EA42
:1043300000000004000C06D000204045CCD0002036
:10434000EBE74069F3E70120F7E72DE9F0479846EE
:1043500016460D4604464FF000094FF0200AC1F3FF
:10436000074723E020684069C043400515D4206812
:10437000016841F40071016021686FF48060486158
:10438000C4F8309084F83DA084F83E90216C41F050
:104390000401216484F83C9020E0701C06D0FDF7F5
:1043A00053FDA0EB0800B04203D816B1012F1ED078
:1043B00020E02068012F14D0806925EA0000000465
:1043C000000C17D044F8309F84F80DA084F80E90AC
:1043D000216941F02001216184F80C900120BDE8A1
:1043E000F087406925EA00000004000CEAD120684B
:1043F000406901E02068806925EA00000004000CA3
:10440000B0D1ECE72DE9F04116460D4604460027F1
:104410004FF0200829E04069C043C0060DD454F88D
:10442000301B6FF01000486144F80D7B04F81D89C3
:10443000A777206A2062277714E0FDF705FD801B2F
:10444000A84200D88DB920684069C04340060CD509
:1044500044F8307F84F80D80A773206940F0200075
:10446000206127730120BDE8F08120684169C943BC
:104470004906D0D40020F6E770B516460D4604462E
:104480001EE02046FFF709FE08B1012070BD681C40
:1044900016D0FDF7D9FC801BA84200D885B920684A
:1044A0004069C04300060BD5002044F8300F20219E
:1044B0006173A073216941F0200121612073E4E759
:1044C00020684069C0430006DBD4002070BD0000B6
:1044D0002DE9F04F4FF000092DED108BF9B09FED55
:1044E00094FADFF85082944FF3EE04EA6D463CAE46
:1044F000DFED92FADFF848A2DFF848B2B0EE4FDA0B
:10450000A8F81890A8F81A90A8F81C90A8F812908B
:10451000A8F81490F0EE4DDAF0EE4DBAF0EE4D9AA8
:10452000B0EE4DAAF0EE4DAAB0EE4DBAB0EE4DCAC7
:10453000F0EE4DCAB0EE4D8AF0EE4D8AB0EE4D9AD7
:10454000A8F81690002403F08FFAB7F9000000EEE7
:10455000100A04EB440005EB8000B8EEC00A80EDC1
:10456000000AB7F902103DEE00DA00EE901AF8EEFC
:10457000E00AC0ED010AB7F904107DEEA0DA01EE01
:10458000101AB8EEC11A80ED021A7BEE81BA05202E
:10459000FDF748FB641CA4B2142CD4D38DEE2EEA94
:1045A00000248DEEAEDACBEEAEDA03F047FAB7F9BF
:1045B000060000EE100A04EB440006EB8000B8EEA3
:1045C000C00A80ED000AB7F908103BEE00BA00EE11
:1045D000901AF8EEE00AC0ED010AB7F90A103CEEB5
:1045E00020CA01EE101AB8EEC11A80ED021A7CEE54
:1045F00081CA0A20FDF716FB641CA4B2142CD4D384
:10460000CBEE2E1A00208CEE2E1ACCEEAE0A00EB6A
:10461000400105EB8101B0EE4E0A91ED002A401CED
:1046200080B232EE400A142820EE2F2A42EE009A81
:1046300091ED012AB0EE4D0A32EE400A20EE2F2A0B
:1046400002EE00AA91ED022AB0EE6D0A32EE400AA7
:1046500020EE2F2A42EE00AAD9D3002000EB400121
:1046600006EB8101B0EE610A91ED002A401C80B298
:1046700032EE400A142820EE2F2A02EE008A91ED35
:10468000012AB0EE410A32EE400A20EE2F2A42EE15
:10469000008A91ED022AB0EE600A32EE400A20EE66
:1046A0002F2A02EE009AD9D319EE901A5046814271
:1046B000BFF624AF1AEE101A8142F9DA1AEE901AF8
:1046C0005145F5DA18EE100A59468842F0DA18EE2C
:1046D000900A8842ECDA19EE100A5845E8DABDEE85
:1046E000CE0A10EE101ABDEECD0AA8F8181010EE82
:1046F000101ABDEEED0AA8F81A1010EE101ABDEE51
:10470000E10AA8F81C1010EE101ABDEEC10AA8F8B4
:10471000121010EE101ABDEEE00AA8F8141010EEF8
:10472000101AA8F8161079B0BDEC108BBDE8F08F08
:1047300000000000FC0E0020580A00203694573D6F
:10474000000048420000FA4400B58DB000200090FF
:1047500001900290039004900590069007900890B5
:1047600009900A900B9003F07FF903F067F90D4967
:104770000D480A88038BD21AC2804A88438BD21A0A
:1047800002818A88838BD21A4281CB88428A9B1A03
:1047900003800B899B1A43804989891A81800DB057
:1047A00000BD0000580A0020FC0E002030B52DEDA1
:1047B000068BF0EE409AB6EE000A8FB029EE808AA2
:1047C000FE4CF0EE008AB7EE00AA94ED010AD4ED9B
:1047D000030A94ED021AFA4D20EE200AD4ED000AE5
:1047E00000EEC10A20EE280A8DED0B0A94ED000AB6
:1047F000D4ED010A94ED031A20EE200AD4ED020A4A
:1048000000EE810A20EE280A8DED0C0A94ED010AD3
:10481000D4ED010A94ED021A20EE200AD4ED020A2A
:1048200000EE810AF0EE4A0A40EE680ACDED0D0A6C
:10483000B5F9000000EE100AB8EEC00A03F056FB0E
:10484000B5F90200B0EE409A00EE100AB8EEC00AC8
:1048500003F04CFBB5F9040039EE009A00EE100AA3
:10486000B8EEC00A03F042FB39EE000A03F084FA06
:10487000B5F90000A4F1080100EE900AF8EEE00A94
:1048800060EE800ACDED040AB5F9020000EE900A50
:10489000F8EEE00A60EE800ACDED050AB5F90400F5
:1048A00000EE900A05F13000F8EEE00A20EE800AF2
:1048B0008DED060A9DED050ADDED0D0A9DED0C1A44
:1048C00020EE200ADDED060A00EEC10A8DED000A99
:1048D0009DED060ADDED0B0A9DED0D1A20EE200A76
:1048E000DDED040A00EEC10A8DED010A9DED040A1A
:1048F000DDED0C0A9DED0B1A20EE200ADDED050A18
:1049000000EEC10A8DED020AD0ED000A9DED001AFD
:1049100091ED010A41EE000AC0ED000A90ED011A86
:10492000DDED011A01EE801A80ED011AD0ED021AB8
:104930009DED022A42EE001AC0ED021AB5F90600FA
:1049400000EE100AB8EEC00A9FED9E2A9DED003AD7
:1049500060EE022A91ED000A40EE032A72EEA00AF0
:10496000CDED000AB5F90800DDED012A00EE900A50
:10497000F8EEE00A60EE820A40EE220A70EE810A4A
:10498000CDED010AB5F90A009DED021A00EE900A7C
:10499000F8EEE00A60EE820A40EE010A30EEA10A6B
:1049A0008DED020A94ED010ADDED000A9DED011A7C
:1049B000DDED011A20EEC00AD4ED020A9DED012AB8
:1049C000DDED002A00EEC10AD4ED030A9DED021AC6
:1049D00000EEC10ADDED000A20EE081A94ED000A8F
:1049E00020EE200AD4ED030A00EEE10AD4ED020A1B
:1049F000DDED021A00EEA10ADDED001A60EE080AF4
:104A000094ED030A20EE210AD4ED001A01EE820A89
:104A1000D4ED011A9DED022A01EEC20AD4ED011A6D
:104A20009DED012A61EE821A94ED022A20EE080A19
:104A300042EE621A94ED002ADDED022A42EE221ABD
:104A400094ED002A32EE011A61EE881A84ED001A04
:104A500094ED011A71EE200AC4ED010AD4ED020AA8
:104A600030EE800A84ED020A94ED030A30EE210A4A
:104A700084ED030A94ED000A03F038FAB0EE408AA0
:104A800094ED010A03F032FA38EE008A94ED020A3E
:104A900003F02CFA38EE008A94ED030A03F026FAAC
:104AA00038EE000A03F068F9D4ED000AB0EE4A8A45
:104AB00060EE800AC4ED000AD4ED010A60EE800ABF
:104AC000C4ED010AD4ED020A60EE800AC4ED020AC8
:104AD000D4ED030A20EE800A84ED030A94ED000A67
:104AE000D4ED020A94ED031A20EE280AB5F90A0063
:104AF00060EE200A94ED010A20EE280A40EE410AF9
:104B000094ED020A94ED031A20EE280A20EE019A91
:104B100094ED000A94ED011A20EE280A00EE019AA5
:104B200094ED010A94ED011A20EE280A00EE418A64
:104B300094ED020A94ED021A05F1240420EE280AED
:104B400000EE418A00EE100A9FED1F1AB8EEC00A6F
:104B500020EE010A10EE100AB0F17E5F04DC10EEC8
:104B6000100A10F1814F05D994ED021A00EE291AAE
:104B700084ED021A10EE900AFBF7E7FB41EC100BF4
:104B800002F066FB9FED111B51EC100B53EC112B47
:104B9000FBF769FBFBF7ECFBF0EE480AB0EE490AC5
:104BA000606002F005FDDFED0B0A20EE200A84EDC7
:104BB000000A0FB0BDEC068B30BD00007806002067
:104BC000FC0E002045798B3AE200FA3C00000060C0
:104BD00094A94C40A34C65422DE9F04104461D4682
:104BE00016460F462A2000F03FFC204600F032FC1B
:104BF000304600F02FFC2B2000F036FC384600F049
:104C000029FC284600F026FCBDE8F0412C2000F0ED
:104C10002BBC10B514460B460246FFF7DDFF2046BD
:104C2000BDE8104000F016BC2DE9F8430D46DDF854
:104C300020801F46A8F57F4116468146FE390CD1DB
:104C4000042269463C20FCF745FD9DF803000F490E
:104C500031F810000E4980460880781E83B2701E1D
:104C600082B229464846FFF7B7FF0AE04C4604E007
:104C7000404600F0EFFB641CA4B2B442F8D36D1CB4
:104C8000ADB2BD42F2D3BDE8F88300002C00002095
:104C90002000002008B56420FCF7C4FF6420FCF766
:104CA000C1FF00200090042269463820FCF712FD65
:104CB0009DF8030010B901208DF8030004215E481F
:104CC000FEF75EFE5C499DF8030009688863642076
:104CD000FCF7A8FF112000F0C7FB7820FCF7A2FF2B
:104CE000362000F0C1FB702000F0D4FB3A2000F029
:104CF000BBFB052000F0CEFBB22000F0B5FB0C2082
:104D000000F0C8FB0C2000F0C5FB002000F0C2FB47
:104D1000332000F0BFFB332000F0BCFBB72000F0D5
:104D2000A3FB352000F0B6FBBB2000F09DFB32203A
:104D300000F0B0FBC22000F097FB012000F0AAFBBE
:104D4000C32000F091FB152000F0A4FBC42000F06C
:104D50008BFB202000F09EFBC62000F085FB0F207F
:104D600000F098FBD02000F07FFBA42000F092FB25
:104D7000A12000F08FFBE02000F076FBD02000F0B7
:104D800089FB082000F086FB0E2000F083FB092041
:104D900000F080FB092000F07DFB052000F07AFB8D
:104DA000312000F077FB332000F074FB482000F046
:104DB00071FB172000F06EFB142000F06BFB152038
:104DC00000F068FB312000F065FB342000F062FB4E
:104DD000E12000F049FBD02000F05CFB082000F04F
:104DE00059FB0E2000F056FB092000F053FB092070
:104DF00000F050FB152000F04DFB312000F04AFB85
:104E0000332000F047FB482000F044FB172000F05F
:104E100041FB142000F03EFB152000F03BFB31204D
:104E200000F038FB342000F035FB212000F01CFBA3
:104E3000292000F019FB08BDFC0B00202DE9FF4FD5
:104E400083B00746DDF8449000904FEA590A4FF0CE
:104E500000085FEA4A7000D0012000EBDA0000FB96
:104E600009F001900498203A4844401E83B207EBB1
:104E70000A0002F0FF0B401E82B238460499FFF789
:104E8000ABFE002550E0B9F10C0F28D0B9F1100F9E
:104E90002BD0B9F1180F2CD0B9F1200F47D12749E9
:104EA00001EB8B100024465D129800284FF00100A2
:104EB00000FA04F000EA060021D020B13846069A34
:104EC0000499FFF7A6FE7F1C0098BFB2391A51451E
:104ED00024D10498009F401C80B2049022E018491D
:104EE0000BEB4B0001EB8000DCE7164901EB0B10EC
:104EF000D8E715490BEB4B0001EB0010D2E708B1E6
:104F0000069800E0109800F0A5FA08F10100C0B280
:104F1000B0FBFAF280460AFB128058B1641CE4B27E
:104F2000082CC1D36D1CADB201988542ABD307B03C
:104F3000BDE8F08F4FF00008F4E70000949B0008F4
:104F4000607F0008D4830008C48900082DE9FE4F63
:104F50009946DDE90D4517468A4680460C9E15E0C8
:104F60000C2C18D0102C20D0182C28D0202C10D18C
:104F700000964B463A4651464046CDE9014500F081
:104F800095F908EB04001FFA80F8BF1C3878002858
:104F9000E6D1BDE8FE8F00964B463A465146404664
:104FA000CDE9014500F016F8EBE700964B463A468E
:104FB00051464046CDE9014500F086F8E1E700960C
:104FC0004B463A4651464046CDE9014500F0F4F8DB
:104FD000D7E700002DE9FF4F85B00546139F002657
:104FE00000908B46780700D0012000EBD700784373
:104FF0000290052003900020824600EB800101EB27
:10500000CA003049079A11F81030127893424DD1F6
:1050100001EB40000190417807984078814245D1EA
:105020000BEB0700401E83B2E819401E82B25946BE
:105030002846FFF7D1FD002034E00198002400EB62
:105040000809149899F8021000284FF0010000FA9E
:1050500004F001EA000111D021B159462846089A0E
:10506000FFF7D7FD6D1C0098ADB2281AB84212D1D7
:105070000BF101001FFA80FB009D10E009B10898B8
:1050800000E0129800F0E6F9761CF6B2B6FBF7F0F5
:1050900007FB1060A0B1641CE4B2082CD1D308F166
:1050A0000100C0B2029980468842C6D30AF10100CD
:1050B00080B20399824688429FD309B0BDE8F08F41
:1050C0000026ECE754B300082DE9FF4F85B00546F4
:1050D000139F002600908B46780700D0012000EB3C
:1050E000D7007843029005204FF0000A0390314921
:1050F000079A0AEB0A1011F81030127893424DD13A
:1051000001EB40000190417807984078814245D1F9
:105110000BEB0700401E83B2E819401E82B25946CD
:105120002846FFF759FD002034E00198002400EBE9
:105130000809149899F8021000284FF0010000FAAD
:1051400004F001EA000111D021B159462846089A1D
:10515000FFF75FFD6D1C0098ADB2281AB84212D15E
:105160000BF101001FFA80FB009D10E009B10898C7
:1051700000E0129800F06EF9761CF6B2B6FBF7F07C
:1051800007FB1060A0B1641CE4B2082CD1D308F175
:105190000100C0B2029980468842C6D30AF10100DC
:1051A00003991FFA80FA8A45A1D309B0BDE8F08FB0
:1051B0000026ECE7D6B300082DE9FF4F85B0054681
:1051C000139F002600908B46780700D0012000EB4B
:1051D000D700784302903D2003900020824600EBE8
:1051E000800101EB4A103049079A11F8103012780B
:1051F00093424DD101EB40000190417807984078EF
:10520000814245D10BEB0700401E83B2E819401ED6
:1052100082B259462846FFF7DFFC002034E00198AF
:10522000002400EB0809149899F8021000284FF0A8
:10523000010000FA04F001EA000111D021B1594641
:105240002846089AFFF7E5FC6D1C0098ADB2281AB5
:10525000B84212D10BF101001FFA80FB009D10E053
:1052600009B1089800E0129800F0F4F8761CF6B244
:10527000B6FBF7F007FB1060A0B1641CE4B2082C89
:10528000D1D308F10100C0B2029980468842C6D34A
:105290000AF1010080B20399824688429FD309B087
:1052A000BDE8F08F0026ECE780B400082DE9FF4F41
:1052B00085B00546139F002600908B46780700D0E6
:1052C000012000EBD7007843029018204FF0000A2D
:1052D00003903149079A0AEB8A1011F810301278BE
:1052E00093424DD101EB40000190417807984078FE
:1052F000814245D10BEB0700401E83B2E819401EE6
:1053000082B259462846FFF767FC002034E0019836
:10531000002400EB0809149899F8021000284FF0B7
:10532000010000FA04F001EA000111D021B1594650
:105330002846089AFFF76DFC6D1C0098ADB2281A3C
:10534000B84212D10BF101001FFA80FB009D10E062
:1053500009B1089800E0129800F07CF8761CF6B2CB
:10536000B6FBF7F007FB1060A0B1641CE4B2082C98
:10537000D1D308F10100C0B2029980468842C6D359
:105380000AF1010003991FFA80FA8A45A1D309B0F6
:10539000BDE8F08F0026ECE722C600082DE9FF4F9C
:1053A00083B00027DDE911A81D4681464FEA580663
:1053B0003C46BB462CE0281B401EC1B20A2002F02E
:1053C0008DFD0599B1FBF0F00A21B0FBF1F201FB74
:1053D000120027B9691E8C4201DA58B1012730301A
:1053E000C2B2CDE900A804FB069080B2CDF808B0A7
:1053F000109B08E0CDE900A804FB0690109B80B24A
:10540000CDF808B020220499FFF718FD641CE4B21F
:10541000AC42D0D307B0BDE8F08F2DE9FE4F9946DE
:10542000DDE90D6714468A460546DDF830800CE05C
:10543000CDF800804B4651462846CDE90167FFF77D
:10544000FDFC05EB560085B2641C2278002AEFD1E2
:10545000BDE8FE8F10B50446000A00F01BF8E0B26C
:10546000BDE8104000F016B870B5094D06464FF47F
:105470000064002221462846FCF7E1FC304600F09B
:1054800009F821462846BDE870400122FCF7D7BC48
:105490000008024031B50A4D4FF400440022214675
:1054A0002846FCF7CCFC4FF47A7301226946054884
:1054B000FDF702FC012221462846FCF7C0FC38BD5E
:1054C00000000240140B00203EB54FF448758C23B9
:1054D000AA225F214B200095FFF7A6FB002418208D
:1054E0000095CDE901044FF6FF730CA26721572008
:1054F000FFF793FF4FF47A70FBF73BFD09488C23CD
:10550000AA22008800905F214B20FFF78DFB064800
:105510000470BDE83E40FBF73DBE00004C6F636B7E
:1055200065640000200000201C0000201CB5002441
:105530008DF8044001A9FE20FCF7B8F89DF804009E
:10554000122804D1012211021048FCF778FC8DF8D2
:1055500000406946FF20FCF7A9F89DF80000552897
:1055600011D09DF8040012280BD05521FF20FCF724
:10557000C3F86946FF20FCF799F89DF8000055280C
:1055800001D001201CBD00201CBD0000000802400D
:10559000114808B5016841F400110160016801F487
:1055A00000110091016841F480010160006800224F
:1055B00000F48000009001211120FCF757FF11201A
:1055C000FCF746FF002211464620FCF74FFFBDE8DE
:1055D00008404620FCF73CBF303802402DE9F04F30
:1055E00087B014216846FAF725FE51480024016867
:1055F00041F010010160016801F01001059101689E
:1056000041F080010160016801F0800105910168AD
:1056100041F004010160016801F004010591016895
:1056200041F001010160016801F00101059101688B
:1056300041F002010160016801F002010591016879
:1056400041F0080101600068012200F008000590A7
:1056500004213848FCF7F3FBDFF8DCA048F206072A
:10566000002239465046FCF7EAFBDFF8D0B04FF491
:105670001168002241465846FCF7E1FB4FF4C0791F
:10568000002249462B48FCF7DAFB04200090112049
:10569000CDE90104694627480394FCF7E3FA0C209E
:1056A0004FF40416CDE900060125694602955846D7
:1056B000FCF7D8FA0097CDE90154694650460394A7
:1056C000FCF7D0FACDF80080CDE901546946584680
:1056D0000394FCF7C7FACDF80090CDE90154694670
:1056E00014480394FCF7BEFA4FF44050CDE900068D
:1056F000694602951248FCF7B5FA002201210820FC
:10570000FCF7B4FE0820FCF7A3FE002201210920CB
:10571000FCF7ACFE0920FCF79BFE002201212820AB
:10572000FCF7A4FE2820FCF793FE07B0BDE8F08F3D
:1057300030380240001002400000024000080240E1
:10574000000402400D4810B50B4901600C4941604E
:1057500000214FF480428160C0E903124161816100
:10576000C1610162FCF776FB002803D0BDE8104060
:10577000FCF776B810BD0000005C0040680A00200D
:10578000A0860100104810B50E4901604FF48271E7
:105790004160002102228160C0E9031201224261BE
:1057A000520282610822C0E90721416281620A2116
:1057B000C162FDF723F9002803D0BDE81040FCF7D3
:1057C0004FB810BD00300140BC0A0020104810B591
:1057D0000E4901604FF4827141604FF400418160D5
:1057E0000021C1604FF400720161C0E90512C1617E
:1057F0000162416281620A21C162FDF7FFF800285F
:1058000003D0BDE81040FCF72BB810BD003C0040B1
:10581000140B00200C4810B50A49016040F24731D2
:105820004160002140F2E732C0E9021201618021AB
:105830008161FDF76FFC002803D0BDE81040FCF744
:105840000FB810BD00440140640D00200B4810B596
:105850000949016042F2CF01416000216322C0E9A1
:10586000021201618161FDF755FC002803D0BDE8FB
:105870001040FBF7F5BF10BD00480140AC0D002003
:1058800010B596B000240F941094119412941394B0
:105890001C2108A81494FAF7CDFC20216846FAF7D9
:1058A000C9FC2848264901605321C0E9011440F28F
:1058B000E731C0E9031444618461FDF72BFC08B1B2
:1058C000FBF7CEFF4FF480500F900FA91D48FDF756
:1058D00061FD08B1FBF7C4FF1A48FEF720F808B1D4
:1058E000FBF7BEFF139413A916481494FDF7CAFBE7
:1058F00008B1FBF7B5FF7020CDE908040A940B94BA
:105900000C940D94002208A90E480E94FDF7A1FFF7
:1059100008B1FBF7A5FF00944FF40050CDE9044017
:10592000029401940394694606480794FDF780FBAE
:1059300008B1FBF795FF0348FDF724FF16B010BD33
:10594000000001406C0B002010B58EB000240794BD
:10595000089409940A940B941C2168460C94FAF755
:1059600069FC1E484FF08041C0E900146821C0E97D
:105970000241802104618161FDF7CCFB08B1FBF796
:105980006FFF4FF48050079007A91448FDF702FD00
:1059900008B1FBF765FF1148FDF7C1FF08B1FBF740
:1059A0005FFF0B940BA90D480C94FDF76BFB08B13E
:1059B000FBF756FF6020CDE90004042004900C2280
:1059C000694602940548FDF744FF08B1FBF748FF1C
:1059D0000248FDF7D7FE0EB010BD0000B40B00204A
:1059E00010B58EB000240794089409940A940B947F
:1059F0001C2168460C94FAF71DFC1E481C490160E6
:105A00005321C0E901146321C0E90314802181619D
:105A1000FDF780FB08B1FBF723FF4FF480500790A0
:105A200007A91448FDF7B6FC08B1FBF719FF1148A8
:105A3000FDF775FF08B1FBF713FF0B940BA90D4899
:105A40000C94FDF71FFB08B1FBF70AFF6020CDE9BE
:105A5000000402940422694606480494FDF7F9FE06
:105A600008B1FBF7FDFE0348FDF78CFE0EB010BD3C
:105A700000040040FC0B002010B58CB024216846C7
:105A8000FAF7D8FB00241548099413490A94C0E991
:105A900000144FF6FF71C0E90241046184610120E6
:105AA000CDE90004CDE902040494CDE90540079452
:105AB00069460A480894FDF7DBFC08B1FBF7D0FE05
:105AC000099409A905480A94FDF7DCFA002801D0D9
:105AD000FBF7C6FE0CB010BD00080040440C0020CF
:105AE00010B58EB000240794089409940A940B947E
:105AF0001C2168460C94FAF79DFB1E481C49016066
:105B00005321C0E9011440F2E731C0E90314846174
:105B1000FDF700FB08B1FBF7A3FE4FF480500790A0
:105B200007A91448FDF736FC08B1FBF799FE1148A8
:105B3000FDF7F5FE08B1FBF793FE0B940BA90D489A
:105B40000C94FDF79FFA08B1FBF78AFE7020CDE9AF
:105B5000000402940022694606480494FDF779FE89
:105B600008B1FBF77DFE0348FDF70CFE0EB010BD3B
:105B7000000C00408C0C002010B58CB0242168462D
:105B8000FAF758FB00241648099414490A94C0E90E
:105B900000144FF6FF71C0E9024104614461846161
:105BA0000120CDE90004CDE902040494CDE90540CB
:105BB000079469460A480894FDF75AFC08B1FBF7B8
:105BC0004FFE099409A906480A94FDF75BFA0028DC
:105BD00001D0FBF745FE0CB010BD000000040140F1
:105BE000D40C00201FB500201149009001900290B4
:105BF0000E4A03900A6042F2CF02C1E90120C72297
:105C0000C1E90320802088610846FDF783FA08B1C6
:105C1000FBF726FE4FF48050009069460448FDF7DC
:105C2000B9FB002801D0FBF71BFE1FBD004001405F
:105C30001C0D00200C4810B50A4901604FF4E131F9
:105C40004160002181600C22C160C0E904128161C1
:105C5000C161FEF7F4F8002803D0BDE81040FBF75F
:105C6000FFBD10BD00100140540E0020FEE70000F3
:105C700010B5184A184B01462DED028BF0EE408A04
:105C800012681B68B0EE608A1A4400EE102A9FED7D
:105C9000131A1348F8EEC00A00EE101AB8EEC00A44
:105CA00000F09AF9BDEEC00A10EE100A642801DD7A
:105CB000642004E06FF06301884200DA0846F0EEE9
:105CC000480AB0EE680ABDEC028BBDE8104000F057
:105CD00041B800000C000020100000200060EA46DF
:105CE000C405002010B50020FBF70EFE0146012080
:105CF000FBF70AFE084400EB8000400000EE900A2B
:105D00009FED121A1248F8EEE00A00F065F9B1EEC4
:105D1000400A4FF00002BDEEC00A10EE104A002CFF
:105D200007DB2146012000F0BDF801222146104684
:105D300007E061420C46002000F0B4F80122214641
:105D40000020BDE8104000F0ADB80000FC1A374A52
:105D50003C06002070B50546B0EE601A174830EEDC
:105D6000010A9FED171AD0ED020A164800F034F927
:105D7000BDEEC00A10EE104A6E2C01DD6E2404E068
:105D80006FF06D00844200DA04460E48C068B0F13E
:105D9000804F09DC10F17E5F06D8281B012100F03E
:105DA00045F86019002105E00121604200F03EF84D
:105DB00000212046BDE8704000F038B8200F0020D8
:105DC000C04F4348DC050020084810B5D0ED000A5C
:105DD0009FED071A074800F0FFF8BDEEC00ABDE8C6
:105DE0001040B8EEC00AFFF77DBF0000200F002072
:105DF000C04F43482406002010B528B1012806D022
:105E000002280AD0012010BD0021064801E000212F
:105E10000548FDF707FF002010BD00210148FDF7F0
:105E200001FFF4E76C0B00208C0C002010B50C4631
:105E300001462046FBF768FD00EB8000400000EEC5
:105E4000100AF8EEC00A0CB1124800E0124800EE49
:105E5000101A9FED121AB8EEC00A00F0BDF8BDEEA0
:105E6000C00A4FF47A7010EE101A814201DD01462B
:105E700006E00B48814201DA014604E0002902DD18
:105E80002246002002E0494222460120BDE810409F
:105E900000F008B80C060020F4050020FC1A374A70
:105EA00018FCFFFF70B5B1F57A7F39D8C1F57A7467
:105EB000012A01D0C2B131E01A4D012801D038B118
:105EC00010E0002204212846FBF7B9FF012205E07B
:105ED000012204212846FBF7B2FF002202212846B6
:105EE000FBF7ADFF104817E0104DAE15012801D0AB
:105EF00038B110E0002280212846FBF7A0FF0122E4
:105F000005E0012280212846FBF799FF0022314657
:105F10002846FBF794FF064800684463002070BDE4
:105F2000012070BD000002408C0C002000100240D7
:105F30006C0B002010B528B1012806D002280AD029
:105F4000012010BD0021064801E000210548FDF7B1
:105F500017FD002010BD00210148FDF711FDF4E7F9
:105F60006C0B00208C0C0020FEE7000038B5FF20F1
:105F700000248DF80000411C22460848FBF75FFF13
:105F80002146FE20FBF7B8FB6946FE20FBF78EFB9F
:105F90009DF80000002800D0012038BD0008024014
:105FA00008B500208DF800001221FE20FBF7A4FBAD
:105FB0006946FE20FBF77AFB9DF80000122801D00D
:105FC000012008BD012211020248FBF738FF002022
:105FD00008BD00000008024070EE600AC0ED030A30
:105FE00090ED050A30EE200A80ED050AB4EEC10AF4
:105FF000F1EE10FA01DD80ED051AD0ED051AB1EED3
:10600000410AF4EEC01AF1EE10FA01D280ED050A51
:1060100090ED000A90ED011AD0ED051A20EE200A4D
:1060200001EE210A90ED041AD0ED021AC0ED040A27
:1060300030EEC11A01EE810A7047704710B5014673
:1060400012A0FAF702F900281ED1134813490422BE
:106050000078096800EB800001EBC0001049007B6C
:10606000FBF738FB0E48C078012803D0BDE810408C
:1060700001F05AB80B48FDF735F9B4226921BDE8A3
:106080001040FF2001F08EB810BD00005247425F63
:106090004C696768740000001D0000202400002087
:1060A000BD050020B40B002010B5044C2078012859
:1060B00003D1FBF725F90020207010BD000000205F
:1060C0007FB5FBF76FFB0024042203A9482003944B
:1060D000FBF700FB9DF80F00104920B1012804D008
:1060E000022819D003E0022000E0032008704FF4DA
:1060F00048758C23AA225F214B200095FEF794FD62
:1061000018200095CDE901044FF6FF7304A2672122
:106110005720FFF782F97FBD0420E7E7BC05002088
:1061200052756E696E6700002DE9F05FDFF8D88068
:106130002DED068B98F80000022861D1344F9FEDB9
:10614000338A002497ED029AFFF7F4FE9FED31AAFF
:10615000DFF8C4B0314DDFF8C890DFF8C8A0DFED3C
:10616000329A0026F0EE488AF7EE00AA42F220604A
:10617000F0EE4A0AB0EE490AFFF77AFDE8685845A2
:1061800015DAC5ED038A38EE298AC5ED048AC5ED16
:10619000058AC9F8006018EE100ACAF8006097ED89
:1061A000029A641CB0F17E5F01DDB0EE6A8A062CB3
:1061B000DCD10220FFF720FEFF221146104600F03E
:1061C000F1FF1A4C002204212046FBF738FEC820BC
:1061D000FBF728FD012204212046FBF730FE4FF497
:1061E000C870FBF71FFD002288F8006011461046BA
:1061F00000F0D8FFBDEC068BBDE8F05F00F090BB6F
:10620000BDEC068BBDE8F09FBC050020000000003F
:10621000200F002000006A4200002041C405002039
:106220000C000020100000209A99193F0010024035
:106230002DE9F05FA7482DED068B007803287CD16F
:106240009FEDA58AA54E00240220D6ED028AFFF715
:1062500071FEDFEDA39AB346DFF88892DFF888A2DB
:10626000A24FDFF88C8242F2E455B6EE009A002687
:106270002846F0EE690AB0EE680AFFF7F9FCF86804
:1062800040450CDA87ED038A87ED048A87ED058A9D
:10629000C9F80060CAF80060DBED028A641C022CB9
:1062A000E6D142F22F64DFED939A2046B0EE680A01
:1062B000F0EE690AFFF7DCFCF8684045F5DA8B4838
:1062C000F0EE488A3446C0ED038AC0ED048AC0ED82
:1062D000058AC9F80060CAF800604F465E46022091
:1062E000FFF78AFDFF221146104600F05BFFDFF842
:1062F0000892002204214846FBF7A1FDC820FBF7C5
:1063000091FC012204214846FBF799FD4FF4C87027
:10631000FBF788FC0220FFF70DFE3C600022CAF864
:106320000040D6ED029A1146104600F03BFFDFF820
:10633000BC9142F2616B584600E0C6E0F0EE680A9C
:10634000B0EE690AFFF794FCD9F80C004045F2DA88
:10635000C9ED038AC9ED048AC9ED058A3C60CAF813
:106360000040D346D6ED029AB2469FED64AA284675
:10637000B0EE690AF0EE4A0AFFF77AFCD9F80C1081
:1063800040468142F3DAC9ED038AC9ED048AC9EDBA
:10639000058A3C60CBF8004038EE098AD046DAED39
:1063A000029A5E46AA469FED56AA05465046F0EE72
:1063B0004A0AB0EE690AFFF75BFCD9F80C00A84264
:1063C000F4DAC9ED038AC9ED048A38EE098AC9ED09
:1063D000058A3C60346018EE100AD8ED029ADFF8A6
:1063E00024B1BA469FED48AA584501DDB0EE4A8A6D
:1063F00042F21D68DFED45AA4046B0EE690AF0EEB4
:106400006A0AFFF735FCD9F80C00A842F4DAC9EDA6
:10641000038AC9ED048A2046C9ED058ACAF800003E
:1064200038EE098AA0463060544618EE100AB2468B
:106430005F460220FFF7E0FCFF221146104600F005
:10644000B1FE2D4E002204213046FBF7F8FCC82097
:10645000FBF7E8FB012204213046FBF7F0FC4FF488
:10646000C870FBF7DFFB0220FFF764FD4646C4F867
:1064700000801A48CAF800600022D0ED029AD04687
:106480001146104600F08EFE42F2EC5A5046F0EEF5
:10649000680AB0EE690AFFF7EBFBD9F80C00A842D6
:1064A000F4DAC9ED038AC9ED048AC9ED058A2660CC
:1064B0000220C8F80060FFF79FFC06480670BDEC9C
:1064C000068BBDE8F05F00F02BBABDEC068BBDE893
:1064D000F09F0000BC05002000000000200F0020FD
:1064E000000068420C00002010000020C4050020BD
:1064F000000020416666EC42001002400000EBC242
:1065000000006CC23333B33F3333B33F0000E3C208
:106510002DE9F04FDFF850B12DED068B81B09BF8DF
:10652000000004287DD19FED518ADFF844810024CA
:10653000F0EE488AD8ED029A2746042269464C209C
:106540000094FBF7C7F89DF803009FED4AAAC0B17D
:10655000012808D0022809D003280AD004280BD02B
:1065600005280CD00DE0DFED448A0AE0F0EE4A8AFF
:1065700007E0DFED428A04E0DFED418A01E0DFED74
:10658000418A0220FFF7D6FCDFF8FC903F4E42F232
:1065900020652846F0EE680AB0EE690AFFF768FB4E
:1065A000F1684945F5DAB0EE489A86ED039A384924
:1065B00086ED049A374A86ED059A0F601760D8ED8C
:1065C000028ACA46DFED349A89461546F7EE00AADC
:1065D00042F22060F0EE4A0AB0EE680AFFF748FB8C
:1065E000F068504514DA86ED039A38EE298A86ED74
:1065F000049A86ED059AC9F8007018EE100A2F600B
:10660000D8ED028A641CB0F17E5F01DDB0EE6A8ACB
:10661000022CDDD10220FFF7EFFBFF2211461046CE
:1066200000E01CE000F0BEFD1C4C002204212046CE
:10663000FBF705FCC820FBF7F5FA012204212046F0
:10664000FBF7FDFB4FF4C870FBF7ECFA00228BF868
:1066500000701146104600F0A5FD00F061F901B090
:10666000BDEC068BBDE8F08FBC05002000000000EB
:10667000200F00200000EB42000070420000324377
:106680000000EBC2000070C200002041C4050020E1
:106690000C000020100000209A99193F00100240C1
:1066A0003EB5FBF77FF84FF448748C23AA225F2194
:1066B0004B200094FEF7B8FA002018210094CDE991
:1066C00001104FF6FF7306A267215720FEF7A5FEC3
:1066D0000548FCF707FE0549012008703EBD000093
:1066E00052756E696E670000640D0020BC050020C5
:1066F0007FB5294C2078012840D1002500950195CF
:1067000002950422694618200395FAF7E3FF042254
:1067100001A91C20FAF7DEFF042202A92020FAF7C3
:10672000D9FF042203A92420FAF7D4FF2FE09DF813
:106730000B00012801D0B0B119E09DF80F0010B195
:10674000012807D013E00020FFF7F4FB9DF80300B9
:1067500000211AE00220FFF7EDFB9DF80300002165
:10676000FFF764FB0EE09DF80F00012807D040F210
:10677000DC50FBF757FAFBF795F825707FBD012039
:10678000FFF7D8FB9DF807000121FFF74FFB2078AA
:106790000028CCD17FBD0000BC050020F8B5044620
:1067A00040684FF48273984221D1A0684FF480650D
:1067B000B0F5004F01D0A8420AD12068066826F043
:1067C000400606606068984211D1A068A8420ED0C9
:1067D00000920B4600228021204600F043F800285A
:1067E00004D0606D40F0200060650320F8BD009289
:1067F0000B4600220121EFE7F8B515460E460B4681
:10680000009204460122022100F02CF8A0B913489E
:1068100013490068B0FBF1F04FF47A7148430090DF
:106820006068B0F5827F0DD133460022802120467A
:10683000009500F017F870B1606D40F020006065C1
:106840000320F8BD009830B1401E00902068806899
:10685000C0430006F6D50020F8BD00006C060020FD
:1068600000366E012DE9F8431E46914688460446DF
:10687000089DFBF7E9FA401B351AFBF7E5FA0746D6
:1068800025480068C0F3CB30684338E0701C37D02F
:10689000FBF7DAFAC01BA84203D215B1009860B327
:1068A0002CE02068416821F0E00141606068B0F5AB
:1068B000827F0BD1A068B0F5004F02D0B0F5806F99
:1068C00004D12068016821F040010160A06AB0F5A0
:1068D000005F09D12068016821F40051016020683F
:1068E000016841F400510160012084F8510000204A
:1068F00084F850000320BDE8F8830025401E009076
:106900002068816838EA010004D000204845BDD1E4
:106910000020F0E70120F9E76C0600207047000036
:106920003EB54FF448758C23AA225F21462000957E
:10693000FEF77AF9002418200095CDE901044FF6FE
:10694000FF730CA267214E20FEF767FD4FF47A70AB
:10695000FAF70FFB09488C23AA22008800905F21D8
:106960004620FEF761F906480470BDE83E40FAF79C
:1069700011BC000053756363657373002000002031
:106980001C000020FBF70ABD30B593B030216846EB
:10699000F9F750FC14210CA8F9F74CFC1B48002512
:1069A000016841F080510160006800F08050119052
:1069B0001748016841F4804101600068022400F436
:1069C0008040119001200090000401908001CDE9E9
:1069D000064008AA0420A82182E813000B9068460C
:1069E000FBF760FE70B90CA90F2081E831004FF46D
:1069F000A0500F90E002109005210CA8FBF768FD55
:106A0000002801D0FAF72CFF13B030BD4038024007
:106A1000007000400248016841F470010160704755
:106A200088ED00E010B50448FCF713FEBDE8104007
:106A30000248FCF70EBE00006C0B00201C0D00206D
:106A400010B50448FCF705FEBDE810400248FCF70D
:106A500000BE00006C0B0020AC0D002070B5154C82
:106A6000206820B90422211D2820FAF733FE11489E
:106A7000001DC07800EBC00101EB00112068B0EBF5
:106A8000C10F0CD10C48002505700220FFF7B4F9A6
:106A9000FFF746FF0948FCF765FC256001E0401C54
:106AA00020600748FCF7D5FDBDE870400348FCF7BF
:106AB000D0BD000054060020BC050020640D00205D
:106AC0006C0B00200C4910B58868401C8860B0F53C
:106AD0007A6F0BD100209FED090A8860FDF766FEF2
:106AE000FDF732FE9FED060AFFF76EF9BDE8104094
:106AF0000448FCF7AEBD0000540600200AD7A33BB3
:106B000066661EC1B40B00200148FCF7A2BD000060
:106B1000FC0B0020F0B50268294D2A4E2A4FDFF801
:106B2000ACC02B4B4FF0804EA84209D0704507D027
:106B3000B04205D0B84203D0604501D0984203D19D
:106B400022F070044A682243A8421BD0704519D035
:106B5000B04217D0B84215D0604513D0984211D03A
:106B60001C4CA0420ED01C4CA0420BD01B4CA0428F
:106B700008D01B4CA04205D01A4CA04202D01A4C9F
:106B8000A04203D122F44074CA6822434C6922F027
:106B90008002224302608A68C2620A688262A84256
:106BA00001D0984201D10969016301214161016964
:106BB000C90703D0016921F001010161F0BD0000A6
:106BC000000001400004004000080040000C0040AC
:106BD00000040140004001400044014000480140E1
:106BE00000180040001C00400020004010B501F0DB
:106BF0001F010123046A8B409C430462036A8A409C
:106C00001343036210BD10B5846B0121626A824296
:106C100005D12177C069F8B984F83E101CE0A26A5A
:106C2000824206D102222277C069A8B984F83F10B7
:106C300012E0E26A824206D104222277C06958B982
:106C400084F8401008E0226B824205D108222277A6
:106C5000C06908B984F841102046FCF78EFE002078
:106C6000207710BD10B5846B616A814201D101208B
:106C70000DE0A16A814201D1022008E0E16A81426F
:106C800001D1042003E0216B814201D1082020774B
:106C90002046FCF773FE0020207710BD10B5846BF2
:106CA0000121626A824203D1217784F83E1019E003
:106CB000A26A824204D10220207784F83F1011E0BA
:106CC000E26A824204D10420207784F8401009E06F
:106CD000226B824204D10820207784F8411001E021
:106CE00084F83D102046FCF7B2FC0020207710BD50
:106CF00010B5846842EA032224F47F440A43224305
:106D0000826010BD826822F070020A4342F00701DF
:106D100081607047F0B5026A036A23F001030362E1
:106D200043688469114E24F073050C68104F2C439E
:106D300022F002058A682A43B04201D0B84205D148
:106D400022F00805CA682A4322F00402B04201D0AA
:106D5000B84205D14D6923F440731D438B692B4321
:106D600043608461496841630262F0BD00000140F4
:106D700000040140F0B5026A036A23F010030362C5
:106D8000436884690D6824F4E64444EA05248D6868
:106D900022F0200242EA05120F4D104EA84201D007
:106DA000B04206D1CF6822F0800242EA071222F0F8
:106DB0004002A84201D0B04207D14D6923F440639C
:106DC00043EA85038D6943EA85034360846149682A
:106DD00081630262F0BD0000000001400004014038
:106DE000F0B5026A036A23F4807303624368C469DE
:106DF00022F4007224F073050C68124E2C438D6847
:106E000042EA05220E4DA84201D0B04206D1CF6819
:106E100022F4006242EA072222F48062A84201D0F2
:106E2000B04207D14D6923F4405343EA05138D69FD
:106E300043EA05134360C4614968C1630262F0BD5F
:106E4000000001400004014030B5036A026A22F4E8
:106E5000805202624268C4690D6824F4E64444EA40
:106E600005248D6823F4005343EA0533084DA842F6
:106E700002D0084DA84204D14D6922F4804242EA72
:106E800085124260C46149680164036230BD00003C
:106E9000000001400004014010B5046A036A23F0B9
:106EA00001030362836923F0F00343EA021324F031
:106EB0000A020A438361026210BD10B5036A046AC4
:106EC00024F010040462846923F0A00324F47044C5
:106ED00044EA023243EA01118261016210BD016895
:106EE0000C3151E8002F22F4907241E80023002B6E
:106EF000F5D10168143151E8002F22F0010241E878
:106F00000023002BF5D1016B012909D101680C3157
:106F100051E8002F22F0100241E80023002BF5D1A8
:106F2000202180F8421000210163704770B50446AB
:106F300000680169E26821F4405111430161A168D0
:106F40002069E26901436069104301432068C26817
:106F500049F20C639A430A43C26020684169A269FE
:106F600021F440711143416131492068884202D0C7
:106F70003049884202D1FBF755FB01E0FBF742FBA9
:106F8000E2690023192164253226B2F5004F6268B8
:106F900028D0A0FB0101930F9200F9F713F90146E5
:106FA000B0FBF5F06FF01802504301EB800006EBE8
:106FB0000010B0FBF5F000F0F002B1FBF5F002EBD1
:106FC0000012B1FBF5F06FF01803584301EB80009D
:106FD00006EB0010B0FBF5F000F00F002168104444
:106FE000886070BDA0FB010192185B41F9F7EAF8D7
:106FF0000146B0FBF5F00201B1FBF5F06FF01803AC
:10700000584301EB800006EBC000B0FBF5F000F048
:10701000F80002EB4002B1FBF5F0584301EB8000B1
:1070200006EBC000B0FBF5F000F00700D6E700006B
:1070300000100140001401402DE9F8431F4690461E
:107040000D460446089E23E0701C21D0FAF7FCFE92
:10705000C01BB0421AD8CEB12068C168490717D505
:10706000802D15D0402D13D00168C94309070FD4D6
:1070700001680025406800902046FFF730FF082097
:10708000606484F840500120BDE8F8830320FBE7EA
:107090002068006835EA000004D000204045D3D0C5
:1070A0000020F1E70120F9E73EB54FF448758C2345
:1070B000AA225F214B200095FDF7B6FD0024182081
:1070C0000095CDE901044FF6FF730CA2672157200C
:1070D000FEF7A3F94FF47A70F9F74BFF09488C23B8
:1070E000AA22008800905F214B20FDF79DFD0648F5
:1070F0000470BDE83E40FAF74DB80000556E6C6F65
:10710000636B0000200000201C000020FEE710B58B
:1071100000240023A0B21A46194600F019F8641C96
:10712000082CF6DB10BD000010B500240023A0B22F
:107130001A46194600F00CF8641C082CF6DBBDE872
:1071400010400C210148FCF7ABBD0000B40B00203F
:10715000F0B500EB4000C600114F002002FA00F429
:10716000240601D5462500E02325341847F824508D
:1071700001FA00F52D0601D5462500E0232507EB91
:107180008404256203FA00F52D0601D5462500E0AA
:107190002325401CC0B225640828DFD3F0BD0000C1
:1071A00090060020044B5A7098701970F223034A1D
:1071B0000C210348FCF74CBC010000209006002085
:1071C000B40B0020014A024900F010BC297A0008E3
:1071D0008806002003B401984100009850EAC120BD
:1071E00018BF04204A0D18BF40F0010040F2FF72A2
:1071F000B2EB515F08BF40F00200012808BF052034
:1072000002B070474100080218BF04200A0E18BFE0
:1072100040F001004FF07F4232EA010108BF40F028
:107220000200012808BF052070470907090E002841
:1072300004DB00F1E02080F80014704700F00F003C
:1072400000F1E02080F8141D7047000000000000ED
:1072500070B5C1482DED020B2DED0E8B82B0119D46
:1072600025F000449FEDBEDB9FEDBFEB84423EDB8B
:10727000A4F140511098A1F17F6108430FD0BC48A0
:10728000844202DC28D1109830B39DED100B02B07F
:10729000BDEC0E8B02B0BDE8704000F05BBB9DED15
:1072A000100B53EC1D2B51EC100BF8F7DCFF9DED90
:1072B000100B41EC180B53EC1E2B51EC100BF8F794
:1072C000D2FF53EC182BF9F722F941EC100B02B066
:1072D000BDEC0E8B02B070BD012000F081FB02B04E
:1072E000BDEC0E8B02B0BDE8704000F03DBBA14884
:1072F0009FEDA18B844256DA9DED100BB4F1795FBE
:107300000ADA51EC100BFFF765FF042808BF00F004
:107310003BFB9DED100BDAE753EC102B51EC100BFF
:10732000F8F7A1FF41EC190B95480621B0EE490A88
:10733000F0EE690A784400F091FA53EC192B51EC05
:10734000100BF8F790FF41EC1A0B8E48B0EE490A8B
:10735000F0EE690A0421784400F080FA53EC192B0E
:1073600051EC100BF8F77FFF53EC182BF9F7CFF81F
:1073700041EC100B51EC1A0B53EC102BF9F76EF992
:10738000CDE900019DED000B53EC102B9DED100B92
:1073900051EC100BF8F767FF9DED101B53EC112B10
:1073A000F9F7B5F8D2E09DED100B51EC100B00F0A1
:1073B0002EFB53EC182BF9F74EF99FED730BCDE92B
:1073C000000153EC102B9DED000B51EC100BF8F766
:1073D0004AFF41EC190B6E480621B0EE490AF0EE67
:1073E000690A784400F03AFA53EC192B51EC100B6F
:1073F000F8F739FF41EC1B0B6648B0EE490AF0EE96
:10740000690A0421784400F029FA53EC192B51EC55
:10741000100BF8F728FF53EC182BF9F778F841EC2C
:107420001C0B51EC190B00F064FD41EC180B5A4891
:107430009FED5BABA04222DC53EC1C2B51EC1B0BF1
:10744000F9F70CF9CDE900019DED000B51EC180B9B
:1074500053EC102BF8F707FF53EC182BF9F757F8FC
:1074600053EC1A2BF8F7FFFE53EC1D2BF9F7F0F84D
:1074700053EC1E2BF9F7EFF841EC100B5FE08DEDAC
:10748000008B002000909DED000B51EC180B53EC8D
:10749000102BF9F73CF89DED000B41EC1E0B53EC63
:1074A000102B51EC100BF8F7DEFE53EC192BF9F70B
:1074B000D2F853EC1E2BF9F7D1F841EC190B53EC31
:1074C0001C2B51EC1B0BF9F7C9F841EC1B0B53ECCF
:1074D0001A2B51EC190BF8F7C6FE53EC1D2BF9F7DC
:1074E000BAF841EC190B53EC1A2B51EC180BF8F7C6
:1074F000BAFE53EC1B2BF8F7B6FE53EC192BF9F739
:10750000A7F89DED000B41EC180B53EC1A2B51EC36
:10751000100BF8F7A8FE9FED249B53EC192BF9F7FD
:107520009AF841EC100B51EC180B53EC102BF9F7B7
:107530008FF853EC192BF9F78EF841EC100B002D56
:107540003FF7C5AE51EC100B81F0004141EC100B40
:10755000BDE60000000000000000F03F0000000059
:10756000075C143326A6913C182D4454FB21F93FA7
:107570000000F07F0000E03F000000000000F03F4E
:10758000405F00004E5F0000000000000000E03F90
:10759000925E0000A05E00003333EF3F0000000069
:1075A0000000000000000040182D4454FB21E93F7A
:1075B00070B54FF068422DED048BF0EE408A18EE66
:1075C000900AB0EE608A18EE101A02EB4003B3F195
:1075D000654F3CBF02EB4102B2F1654F7DD200BF67
:1075E000C0F3C753C1F3C7529A1A1B2A09DD10F022
:1075F000004F14BF9FED830A9FED830ABDEC048BFF
:1076000070BD12F11A0F36DA11F0004F09D010F0E8
:10761000004F0CBF9FED7D0A9FED7D0ABDEC048BF2
:1076200070BD88EE889A19EE100AFFF7EBFD04286A
:1076300008BF00F0BDF918EE900AFFF7E3FD05461C
:1076400018EE100AFFF7DEFD044619EE100AFFF7E8
:10765000D9FD042D18BF052D08D1042C18BF052C09
:1076600004D1002804BF022000F0BAF9B0EE490AA4
:10767000BDEC048B70BD4200B2EB410F3AD910F063
:10768000004F19BFDFED630A9FED630ADFED630A68
:107690009FED630AB0EE481A0A46B1EE688A80F0A0
:1076A0000041F0EE418A10460A1A5200B2F1807F82
:1076B00034D2484010F0004FDFED5A1A9FED5A2A9D
:1076C0001DBFBEEE001A70EEE10A30EE420AB6EEC1
:1076D000001A08BF70EEA10A00E040E008BF30EEDB
:1076E000020AB0EE682A01EE482A08EE818AC2EE4C
:1076F000081A15E011F0004F04BF9FED4C0AF0EEA0
:10770000400AD1D010F0004F19BFDFED490A9FEDBC
:10771000490ADFED490A9FED490AC5E7C8EE881A14
:1077200021EEA11A9FED462ADFED462A41EE022AFC
:107730009FED452A01EE222ADFED442A41EE022A7E
:107740009FED432ABDEC048B01EE222A21EE811A23
:1077500001EE020A30EE210A30EE200A70BD4FF031
:107760007F42B2EB400F28BFB2EB410F09D2F0EEDF
:10777000480AB0EE680ABDEC048BBDE8704000F02A
:1077800013B940EA01035B0008BF41F0FF410BD091
:10779000B2EB400F08BFB2EB410F08D120F08040A0
:1077A00008EE900A21F0804108EE101A18E7B2EBBB
:1077B000400F12BF5FEA410340F0FF4001F000417B
:1077C0003FF40EAFB2EB410F12BF5FEA400200F090
:1077D000004041F0FF413FF403AF4A0092EA40030A
:1077E0003FF5FEAE002AACBF9FED1A0A9FED1A0AC4
:1077F00068EE808A28EE008A18EE900A18EE101AB9
:10780000EEE60000DB0FC9BFDB0FC93FDB0F4940CD
:10781000DB0F49C00000C9BF22AAFDB90000C93F63
:1078200022AAFD390060ED3EC30ACE3700000000F9
:10783000000049C022AA7DBA0000494022AA7D3A30
:107840002DAD65BD8FB8D53D0FB511BE61C84C3E9D
:10785000A8AAAABE0000804F0000802F70B5044681
:107860002DED028B4D1E00EBC500B0EE408AF0EE10
:10787000608A90ED000B35F0060017D053EC182B02
:1078800051EC100BF8F7EFFC41EC100B6D1E04EB04
:10789000C50090ED001B51EC100B53EC112BF8F7C9
:1078A00036FE41EC100B35F00600E7D1022D36D044
:1078B000042D1CD0062D1CBFBDEC028B70BD53ECFB
:1078C000182B51EC100BF8F7CEFC94ED0A1B53EC7F
:1078D000112BF8F71CFE53EC182BF8F7C4FC94EDB1
:1078E000081B53EC112BF8F712FE41EC100B53EC74
:1078F000182B51EC100BF8F7B6FC94ED061B53EC6B
:10790000112BF8F704FE53EC182BF8F7ACFC94EDB0
:10791000040B53EC102BF8F7FAFD41EC100B53EC71
:10792000182B51EC100BF8F79EFC94ED021B53EC56
:10793000112BF8F7ECFD53EC182BF8F794FC94EDB1
:10794000001B53EC112BF8F7E2FDBDEC028B41EC70
:10795000100B70BD10B553EC102B51EC100BF8F759
:10796000D6FD41EC100B10BD9FED050B10B553EC8F
:10797000102B51EC100BF8F771FE41EC100B10BD01
:1079800000000000000000009FED050B10B553EC57
:10799000102B51EC100BF8F766FC41EC100B10BDEE
:1079A000000000000000001030EE200A70470000C8
:1079B0009FED020A20EE000A704700000000001050
:1079C00002E008C8121F08C1002AFAD170477047A8
:1079D000002001E001C1121F002AFBD17047000006
:1079E00001490860704700008C0600202DE9F04135
:1079F00016460F460446002503E03946B047641C8E
:107A00006D1C20780028F8D12846BDE8F08182B0AE
:107A1000CDE9000121F0004001909DED000B02B086
:107A200051EC100B7047000003490A685206FCD560
:107A3000C2B24A6070470000001001401CB5062227
:107A400069461F2000F052F9BDF8000041BA054810
:107A5000C180BDF8021049BA0181BDF8041049BACD
:107A600041811CBD580A00201CB50622694625200C
:107A700000F03CF9BDF8000041BA05480180BDF8AE
:107A8000021049BA4180BDF8041049BA81801CBD7A
:107A9000580A00202DE9F0414FF0000844460A2022
:107AA000FAF7C0F80026354628466D1CADB2FF280F
:107AB00009D8752000F0F2F807460A20FAF7B2F864
:107AC000472FF1D10EB16CA013E00021762000F019
:107AD00031F90121112000F02DF90A20FAF7A2F85E
:107AE000112000F0DBF82146641CA4B2FF2905D95F
:107AF00066A0FFF767FB0120BDE8F0810028EFD109
:107B00000121762000F016F902217A2000F012F906
:107B10000021762000F00EF9B0214C2000F00AF987
:107B20000021762000F006F94021162000F002F92D
:107B3000652000F0B3F804460021652000F0FAF853
:107B40000021602000F0F6F80221612000F0F2F838
:107B50002146652000F0EEF847215F2000F0EAF8AA
:107B60000021762000F0E6F83621142000F0E2F83B
:107B70000021762000F0DEF8652000F08FF840F05C
:107B80000401652000F0D6F80021762000F0D2F83C
:107B9000502000F083F800F01F0040F0400150201A
:107BA00000F0C8F80021762000F0C4F8502000F062
:107BB00075F800F0F0015020891D00F0BBF800219D
:107BC000762000F0B7F84F2000F068F800F01F00B2
:107BD00040F020014F2000F0ADF80021762000F0A9
:107BE000A9F84F2000F05AF800F0F0014F20891D4D
:107BF00000F0A0F80021762000F09CF8522000F060
:107C00004DF800F0F0015220C91D00F093F8012159
:107C1000762000F08FF8132000F040F800F08F017C
:107C2000132000F087F8122000F038F800F08F01E0
:107C3000122000F07FF80021762000F07BF84E2023
:107C400000F02CF840F003014E2000F073F80A20F9
:107C5000F9F7E8FF0021762000F06CF84E2000F0E4
:107C60001DF840F00C014E2000F064F80A20F9F7EE
:107C7000D9FF404640E70000696D755F73656C662B
:107C8000636865636B5F6572720A0000696D755F9A
:107C90006F76657274696D650A0000007CB500211D
:107CA00040F080000F4C8DF800108DF804000A465B
:107CB00010212046FAF7C3F8A5142B46012201A98A
:107CC0000948FAF7F9FF2B46012269460648FAF7F8
:107CD00049FF012210212046FAF7B1F89DF8000073
:107CE0007CBD000000080240BC0A0020F8B540F04E
:107CF00080000E4C17460E468DF800000022102121
:107D00002046FAF79CF8A5142B460122694608483C
:107D1000FAF7D2FFBAB22B4631460548FAF722FFEE
:107D2000012210212046FAF78AF8F8BD0008024027
:107D3000BC0A002033B581B00D4C8DF80000002244
:107D400010212046FAF77BF8A5142B46012269463C
:107D50000848FAF7B1FF2B46012202A90548FAF7B5
:107D6000ABFF012210212046FAF769F83EBD000062
:107D700000080240BC0A002010EE100AF6EE000ACD
:107D8000074960EE200AA1EB600000EE100A20EE29
:107D9000801AF7EE080A41EE400A20EE800A70478A
:107DA000DF59375F0EB5FAF701FBFEF7EDFDFDF782
:107DB00015FCFDF7EDFBFDF7C5FCFDF7E3FCFDF75A
:107DC00005FDFDF7C1FDFDF735FFFDF759FDFDF799
:107DD00053FEFDF785FEFDF7CFFEFDF701FEFDF733
:107DE00001FFFDF733FDFDF715FDFCF753FF002400
:107DF000F0231A46214620460094FCF715FF012681
:107E000018258DE870004FF6FF7700213B4627A22A
:107E10000846FDF702FB8DE870003B4629A21E21B3
:107E20000020FDF7FAFAFFF735FEFCF751FBFFF7EC
:107E30006EF93C212548FBF7C1FB3C212448FBF7A8
:107E4000BDFBFDF773FB08B1F9F70AFD4FF6FE70B5
:107E5000F023002100901A460846FCF7E5FE45F2A3
:107E60005840002100903223F0220846FCF7DCFE47
:107E70001848FBF737FA1848FBF734FA0220FEF7E8
:107E800059F81448FBF72EFA1348FBF72BFA022097
:107E9000FEF750F8FEF72CFCFEF746F9FEF7C8F99E
:107EA000FEF736FBFEF700F9F4E70000494D5520D8
:107EB000696E69742C20646F6E2774206D6F76650F
:107EC000000000007468652063617200440C0020AB
:107ED000D40C0020AC0D0020B40B00200346012080
:107EE00000E05843491EC9B2FBD2704720EE000A99
:107EF000704700B52DED048B83B041EC190BF8F7FA
:107F000041FC41EC180B18EE100A18EE901A8DED9A
:107F1000008B002818BF0120084320F00040C0F16A
:107F20007F6000F1E040C00F14D019EE101A19EE76
:107F3000900A8DED009B002918BF0121084320F015
:107F40000040C0F17F6000F1E040C00F04BF01209D
:107F5000FFF746FD51EC180B03B0BDEC048B00BDE0
:107F60000000000000000000000000000000040409
:107F7000040404000004000014140A0000000000BF
:107F80000000000000000A0A1F0A0A1F0A0A000077
:107F900000040E1505060C14150E04000000121541
:107FA0000D152E2C2A1200000000040A0A361515A1
:107FB000291600000202010000000000000000007D
:107FC000100808040404040408081000020404084B
:107FD000080808080404020000000004150E0E152D
:107FE0000400000000000008083E0808000000002F
:107FF000000000000000000002020100000000007C
:10800000003F000000000000000000000000000031
:108010000002000000201010080804040202010001
:1080200000000E1111111111110E000000000406C4
:1080300004040404040E000000000E1111080402E0
:10804000011F000000000E11100C1010110E000096
:108050000000080C0C0A091F081C000000001F018A
:10806000010F1110110E000000000C12010D131170
:10807000110E000000001E10080804040404000093
:1080800000000E11110E1111110E000000000E1152
:10809000111916100906000000000000040000007D
:1080A00000040000000000000004000000040400C0
:1080B0000000100804020204081000000000000084
:1080C0003F003F00000000000000020408101008FC
:1080D0000402000000000E11110804040004000056
:1080E00000001C22292D2D1D221C0000000004046C
:1080F0000C0A0A1E1233000000000F12120E121298
:10810000120F000000001E1101010101110E0000FC
:1081100000000F1212121212120F000000001F12A4
:108120000A0E0A02121F000000001F120A0E0A02A5
:108130000207000000001C1201013911120C00009E
:1081400000003312121E12121233000000001F042E
:1081500004040404041F000000003E080808080886
:1081600008080907000037120A060A121237000031
:108170000000070202020202223F000000003B1B37
:108180001B1B15151535000000003B1216161A1A98
:108190001217000000000E1111111111110E000034
:1081A00000000F12120E02020207000000000E1162
:1081B00011111117190E180000000F12120E0A12D9
:1081C0001237000000001E1101060810110F0000F8
:1081D00000001F1504040404040E00000000331204
:1081E00012121212120C000000003312120A0A0CB2
:1081F000040400000000151515150E0A0A0A0000F7
:1082000000001B0A0A04040A0A1B000000001B0AE3
:108210000A0A0404040E000000001F0908040402F6
:10822000121F00001C0404040404040404041C00C1
:108230000002020404040808081010000E080808D0
:108240000808080808080E00040A000000000000E2
:108250000000000000000000000000000000003FDF
:108260000204000000000000000000000000000008
:10827000000C121C123C000000030202020E12123B
:10828000120E000000000000001C1202120C000080
:1082900000181010101C1212123C00000000000008
:1082A000000C121E021C000000182404041E04040A
:1082B000041E000000000000003C120C021C221CE6
:1082C00000030202020E1212123700000004040022
:1082D00000060404040E000000080800000C080852
:1082E0000808080700030202021A0A060A1300001F
:1082F0000007040404040404041F0000000000003C
:10830000000F15151515000000000000000F1212D7
:108310001237000000000000000C1212120C0000C6
:1083200000000000000F1212120E020700000000F1
:10833000001C1212121C103800000000001B060264
:108340000207000000000000001E020C101E0000CA
:1083500000000004041E0404041C000000000000CF
:10836000001B1212123C000000000000001B0A0A51
:1083700004040000000000000015150E0A0A0000A9
:1083800000000000001B0A040A1B0000000000009F
:10839000003312120C08040300000000001E080441
:1083A000041E000018080808080C0808080818002F
:1083B000080808080808080808080808060404044B
:1083C000040804040404060016090000000000006C
:1083D000000000000000000000000000000000009D
:1083E0000000000000000008080808080808000055
:1083F0001818000000486C24120000000000000063
:10840000000000000000002424247F1212127F12BA
:10841000121200000000081C2A2A0A0C1828282A18
:108420002A1C080800000022251515152A58545446
:10843000542200000000000C1212120A76252911A5
:10844000916E00000006060403000000000000001A
:10845000000000000040201010080808080808105C
:10846000102040000002040808101010101010081E
:10847000080402000000000008086B1C1C6B0808C0
:108480000000000000000000080808087F08080835
:1084900008000000000000000000000000000000D4
:1084A000060604030000000000000000FE000000BB
:1084B00000000000000000000000000000000000BC
:1084C000060600000000804040202010100808042C
:1084D000040202000000001824424242424242428A
:1084E00024180000000000080E0808080808080802
:1084F000083E00000000003C4242422020100804D8
:10850000427E00000000003C4242201820404042D1
:10851000221C0000000000203028242422227E207B
:10852000207800000000007E0202021A264040422D
:10853000221C0000000000382402021A2642424297
:10854000241800000000007E2222101008080808ED
:10855000080800000000003C424242241824424225
:10856000423C00000000001824424242645840404F
:10857000241C00000000000000001818000000008B
:1085800018180000000000000000000800000000B3
:10859000000808040000004020100804020408102D
:1085A000204000000000000000007F0000007F006D
:1085B0000000000000000002040810204020100805
:1085C000040200000000003C42424640201010001F
:1085D000181800000000001C225A555555552D4210
:1085E000221C00000000000808181414243C224239
:1085F00042E700000000001F2222221E22424242C7
:10860000221F00000000007C4242010101010142E2
:10861000221C00000000001F22424242424242420D
:10862000221F00000000003F4212121E12120242DE
:10863000423F00000000003F4212121E12120202CE
:10864000020700000000003C2222010101712122EA
:10865000221C0000000000E7424242427E424242A9
:1086600042E700000000003E080808080808080863
:10867000083E00000000007C1010101010101010B8
:108680001010110F0000007722120A0E0A12122297
:10869000227700000000000702020202020202022A
:1086A000427F000000000077363636362A2A2A2A12
:1086B0002A6B0000000000E346464A4A52525262CA
:1086C000624700000000001C2241414141414141FC
:1086D000221C00000000003F424242423E020202D1
:1086E000020700000000001C2241414141414D535E
:1086F000321C60000000003F4242423E1212222221
:1087000042C700000000007C4242020418204042A0
:10871000423E00000000007F4908080808080808D9
:10872000081C0000000000E742424242424242422E
:10873000423C0000000000E74242222424141418A6
:10874000080800000000006B494949495555362288
:1087500022220000000000E74224241818182424D4
:1087600042E70000000000772222141408080808DD
:10877000081C00000000007E2120101008040442A4
:10878000423F0000007808080808080808080808A0
:1087900008087800000002020404080808101020ED
:1087A00020204040001E101010101010101010104B
:1087B00010101E00003844000000000000000000FF
:1087C00000000000000000000000000000000000A9
:1087D000000000FF0006080000000000000000008C
:1087E00000000000000000000000003C427844420D
:1087F00042FC0000000000030202021A264242422C
:10880000261A0000000000000000003844020202A6
:10881000443800000000006040404078444242423A
:1088200064D80000000000000000003C427E02020C
:10883000423C0000000000F08808087E0808080894
:10884000083E0000000000000000007C22221C0204
:108850003C42423C000000030202023A46424242CD
:1088600042E700000000000C0C00000E0808080899
:10887000083E00000000003030000038202020209A
:108880002020221E0000000302020272120A1612A9
:10889000227700000000000E0808080808080808F1
:1088A000083E0000000000000000007F92929292BB
:1088B00092B70000000000000000003B4642424228
:1088C00042E70000000000000000003C424242423B
:1088D000423C0000000000000000001B2642424213
:1088E000221E0207000000000000007844424242BD
:1088F000447840E000000000000000774C040404CD
:10890000041F0000000000000000007C42023C4008
:10891000423E0000000000000008083E0808080869
:1089200008300000000000000000006342424242A4
:1089300062DC000000000000000000E74224241474
:108940000808000000000000000000EB49495555F0
:1089500022220000000000000000007624181818F1
:10896000246E000000000000000000E742242414F0
:1089700018080807000000000000007E2210080808
:10898000447E000000C02020202020102020202035
:108990002020C00010101010101010101010101017
:1089A0001010101000060808080808100808080829
:1089B000080806000C32C2000000000000000000A1
:1089C00000000000000000000000000000000000A7
:1089D0000000000000000000000000000000000097
:1089E0000000000000000000000000000000000087
:1089F00000000000000000000000000060006000B7
:108A00006000600060006000600040002000200006
:108A10002000000000000000600060006000000016
:108A200000000000000000006006600630039801AE
:108A3000880044000000000000000000000000006A
:108A40000000000000000000000000000000000026
:108A500000000000000000000000000010021002F2
:108A600010021002FE07FE070802080108010801B3
:108A70000801FE07FE0704010401040104010000CF
:108A80000000000000000000000040004000F00175
:108A900058034C03CC034C0058007000E000C001A8
:108AA000C00140034C035C034C034801F00040004C
:108AB0004000000000000000000000000E010A015C
:108AC000910091009100510051003A00AE03A002C4
:108AD00050045004480448044804840284030000FD
:108AE00000000000000000000000000038006C00E2
:108AF0006C006C006C006C002C0098071C011A01C3
:108B0000330133016301E300C308C6093C070000D9
:108B100000000000000000000C001C00100010000D
:108B20000800040000000000000000000000000039
:108B30000000000000000000000000000000000035
:108B4000000000000000000000040002000180009E
:108B50008000400040002000200020002000200075
:108B60002000200040004000800080000001000242
:108B700000040000000000000200040008001000D3
:108B80001000200020004000400040004000400055
:108B900040004000200020001000100008000400E9
:108BA00002000000000000000000000000000000C3
:108BB0004000C0004000460C4E0FD001F0015E0F97
:108BC000460C400040004000000000000000000093
:108BD0000000000000000000000000000000000095
:108BE000000040004000400040004000FE0F4000F8
:108BF0004000400040004000000000000000000075
:108C00000000000000000000000000000000000064
:108C10000000000000000000000000000000000054
:108C200000000000000000000C001C0010001000FC
:108C30000800040000000000000000000000000028
:108C4000000000000000000000000000FE0700001F
:108C50000000000000000000000000000000000014
:108C60000000000000000000000000000000000004
:108C700000000000000000000000000000000000F4
:108C800000000000000000001C001C001C00000090
:108C900000000000000000000004000600020003C5
:108CA00000010001800080004000400060002000C2
:108CB000200010001000080008000C00040006004E
:108CC0000200000000000000000000000000F000B2
:108CD00098010C030C0306060606060606060606A1
:108CE0000606060606060C030C039801F0000000B9
:108CF0000000000000000000000000000000400034
:108D00007C00600060006000600060006000600047
:108D1000600060006000600060006000FC03000014
:108D20000000000000000000000000000000F8004B
:108D30008401020306030603000300018001C00052
:108D4000600020001000080204020602FE0300007A
:108D5000000000000000000000000000000078009B
:108D6000C6008601860180018001C000700080017C
:108D7000000100030003060306038601F80000005B
:108D80000000000000000000000000000000800162
:108D90008001C001A001A001900188018801840127
:108DA0008201FE0F8001800180018001E007000048
:108DB0000000000000000000000000000000FC03B4
:108DC00004000400040004000400F4008C01040307
:108DD000000300030603060382018401F80000007B
:108DE0000000000000000000000000000000E001A2
:108DF00018030C030C0004000600E60116030E061F
:108E000006060606060604060C021803F00000001B
:108E10000000000000000000000000000000F80753
:108E20000C060402040100010001800080004000E3
:108E300040004000600060006000600060000000D2
:108E40000000000000000000000000000000F80129
:108E50000C030606060606060C021C03F000C801F9
:108E60000C0306060606060606060C03F0010000C3
:108E70000000000000000000000000000000F00002
:108E80000C010C03060206060606060606078C06FB
:108E900078060006000300030C018C017800000036
:108EA00000000000000000000000000000000000C2
:108EB0000000000000000000E000E000E000000012
:108EC0000000000000000000E000E000E000000002
:108ED0000000000000000000000000000000000092
:108EE00000000000000000006000600000000000C2
:108EF0000000000000000000000060006000400072
:108F0000200020000000000000000000000400021B
:108F1000000180004000200010000800040008004C
:108F2000100020004000800000010002000400004A
:108F30000000000000000000000000000000000031
:108F40000000000000000000FE070000000000001C
:108F5000FE0700000000000000000000000000000C
:108F600000000000000000000000000004000800F5
:108F700010002000400080000001000200040002F8
:108F800000018000400020001000080004000000E4
:108F90000000000000000000000000000000E003EE
:108FA0001806040C040C0C0C0C0C0007800140008B
:108FB0004000400000000000E000E000E000000091
:108FC000000000000000000000000000E0001803A6
:108FD0000C02CC0564056605A605B604B604B60405
:108FE000B604B602E4010C040C021803F000000001
:108FF0000000000000000000000000000000600011
:1090000060005000D00090009000880088010801A6
:10901000F801040304030402020202060F0F000019
:109020000000000000000000000000000000FE0042
:109030008C030C030C030C030C038C01FC000C03CD
:109040000C020C060C060C060C060C03FE010000BC
:109050000000000000000000000000000000E0032D
:1090600018030C060C0404040600060006000600A3
:109070000600060006040C040C021803F0000000B1
:1090800000000000000000000000000000007F0061
:109090008C010C030C030C060C060C060C060C06CB
:1090A0000C060C060C060C030C038C017F00000060
:1090B0000000000000000000000000000000FF03AE
:1090C000060306040604060086008600FE008600ED
:1090D000860086000600060406040602FF03000060
:1090E0000000000000000000000000000000FF037E
:1090F000060306040604060086008600FE008600BD
:109100008600860006000600060006001F0000001C
:109110000000000000000000000000000000F0005F
:1091200018010C020C0204020600060006000600EC
:10913000C60F060306030C030C031803F00000001F
:1091400000000000000000000000000000000F0F01
:10915000060606060606060606060606FE070606B6
:109160000606060606060606060606060F0F000099
:109170000000000000000000000000000000FC03F0
:1091800060006000600060006000600060006000DF
:10919000600060006000600060006000FC03000090
:1091A0000000000000000000000000000000F807C0
:1091B000C000C000C000C000C000C000C000C000AF
:1091C000C000C000C000C000C000C000C000C60099
:1091D00066003C0000000000000000000000CF031B
:1091E0008601C60046002600160036002E006E00DE
:1091F0004600C60086008601060106038F070000B0
:1092000000000000000000000000000000001F003F
:10921000060006000600060006000600060006001E
:10922000060006000600060406040602FF0300000E
:109230000000000000000000000000000000070720
:10924000860386038E038E034E034E034A035A039E
:109250005A033A0332033203320312038707000032
:1092600000000000000000000000000000008E0F61
:109270000C021C021C023402340264026402440226
:10928000C402840284038403040304031F02000055
:109290000000000000000000000000000000F000DE
:1092A00098010C030C0206060606060606060606CC
:1092B0000606060606060C020C039801F0000000E4
:1092C0000000000000000000000000000000FF009F
:1092D0000603060606060606060606068603FE00C2
:1092E0000600060006000600060006001F0000003B
:1092F0000000000000000000000000000000F0007E
:1093000098010C030C02060606060606060606066B
:109310000606060676064C02CC039801F00080078C
:109320000003000000000000000000000000FF013A
:10933000060306060606060606060603FE004600A7
:10934000C600860086010603060306060F0E00000F
:109350000000000000000000000000000000F80213
:109360000C030602060206000E003C00F800E003B3
:10937000800300070206020606060C03F001000047
:109380000000000000000000000000000000FE07D8
:1093900062046108610860006000600060006000B5
:1093A000600060006000600060006000F801000084
:1093B00000000000000000000000000000001E0788
:1093C0000C020C020C020C020C020C020C020C022D
:1093D0000C020C020C020C020C021801F00000003E
:1093E00000000000000000000000000000000F0767
:1093F0000602040104010C010C0188008800980099
:109400009800500050007000300020002000000044
:109410000000000000000000000000000000F70E47
:10942000620442044604460464026402E402E40264
:109430009C029C0198019801880188008800000026
:1094400000000000000000000000000000009E0777
:109450000C01080118019000B000600020006000BD
:109460006000D00090008801080104038E0700000E
:1094700000000000000000000000000000000F0FCE
:10948000060404020C0208011801B800B0007000C4
:10949000600060006000600060006000F801000093
:1094A0000000000000000000000000000000FC07B9
:1094B0000C020603020180018000400040002000F1
:1094C00020001000180008040C040402FE03000031
:1094D0000000000000000000E00320002000200049
:1094E000200020002000200020002000200020007C
:1094F000200020002000200020002000200020006C
:10950000E003000000000000000000000400040070
:10951000080008001000100010002000200040008B
:109520004000C00080008000000100010002000235
:1095300000020004000000007C00400040004000E9
:10954000400040004000400040004000400040001B
:10955000400040004000400040004000400040000B
:109560007C00000000006000900008010000000086
:1095700000000000000000000000000000000000EB
:1095800000000000000000000000000000000000DB
:1095900000000000000000000000000000000000CB
:1095A00000000000000000000000000000000000BB
:1095B00000000000000000000000000000000000AB
:1095C0000000FF0F00000000180060000000000015
:1095D000000000000000000000000000000000008B
:1095E000000000000000000000000000000000007B
:1095F000000000000000000000000000000000006B
:109600000000000000000000F0010C030C03000348
:10961000E0031C030E03060306038E0B7C0E000002
:1096200000000000000000000000000008000E0024
:109630000C000C000C000C00CC013C031C060C06BA
:109640000C060C060C060C060C021C03E4010000C0
:10965000000000000000000000000000000000000A
:109660000000000000000000F0008C018C01860169
:1096700006000600060006020C020C01F0000000C5
:109680000000000000000000000000000002C00315
:10969000000300030003000378038C030C0306039C
:1096A000060306030603060304038C077801000083
:1096B00000000000000000000000000000000000AA
:1096C0000000000000000000E001180308020C0682
:1096D0000C06FC070C000C0018041802E001000046
:1096E0000000000000000000000000000000C003B7
:1096F0006006300630003000FE01300030003000DF
:10970000300030003000300030003000FC0100003C
:109710000000000000000000000000000000000049
:109720000000000000000000F007D8068C018C014A
:109730008C019801F8000C00FC00CC030603060322
:109740008E03F800000000000000000008000E007A
:109750000C000C000C000C00EC011C030C030C03AF
:109760000C030C030C030C030C030C039E070000FA
:109770000000000000000000000000000000600089
:1097800060000000000040007C006000600060009D
:10979000600060006000600060006000FC0300008A
:1097A0000000000000000000000000000000C001F8
:1097B000C001000000000001F00180018001800173
:1097C0008001800180018001800180018001800191
:1097D000CC007C00000000000000000008000E002B
:1097E0000C000C000C000C008C038C008C004C0056
:1097F0006C005C008C008C010C010C039E070000C7
:1098000000000000000000000000000040007C009C
:109810006000600060006000600060006000600048
:10982000600060006000600060006000FC030000F9
:109830000000000000000000000000000000000028
:1098400000000000000000003707EE06660666060E
:10985000660666066606660666066606FF0F000072
:1098600000000000000000000000000000000000F8
:109870000000000000000000EE011C030C030C03BC
:109880000C030C030C030C030C030C039E070000D9
:1098900000000000000000000000000000000000C8
:1098A0000000000000000000F00098010C03060614
:1098B00006060606060606060C030C03F00000006A
:1098C0000000000000000000000000000000000098
:1098D0000000000000000000EE011C030C060C0656
:1098E0000C060C060C060C060C031C03EC010C0009
:1098F0000C003E000000000000000000000000001E
:10990000000000000000000078028C030C03060336
:10991000060306030603060304038C03780300030F
:109920000003C0070000000000000000000000006D
:1099300000000000000000009F03580638061800D1
:10994000180018001800180018001800FF00000088
:109950000000000000000000000000000000000007
:109960000000000000000000F0031C030C020C02C9
:109970003800F000C003040304038C03FC01000062
:1099800000000000000000000000000000000000D7
:109990002000200030003000FE0130003000300098
:1099A000300030003000300030023002E0010000B2
:1099B00000000000000000000000000000000000A7
:1099C00000000000000008028E030C030C030C03CF
:1099D0000C030C030C030C030C039C077801000020
:1099E0000000000000000000000000000000000077
:1099F00000000000000000001E070C020801080122
:109A000018019000B000B00060006000200000006D
:109A10000000000000000000000000000000000046
:109A20000000000000000000F70E6204460464021B
:109A30006402EC029C019801980198010800000062
:109A40000000000000000000000000000000000016
:109A50000000000000000000BC0718011001B00069
:109A600060006000E0009000080108039E0700000D
:109A700000000000000000000000000000000000E6
:109A800000000000000000009E0708010801080116
:109A900090009000B0006000600060002000200096
:109AA00024001C0000000000000000000000000076
:109AB0000000000000000000FC018401C40044001C
:109AC000600020003000180208020C03FC010000B6
:109AD0000000000000000000000380008000800003
:109AE0008000800080008000800040002000400056
:109AF0008000800080008000800080008000800066
:109B000000030000400040004000400040004000D2
:109B10004000400040004000400040004000400045
:109B20004000400040004000400040004000400035
:109B300040004000000000000C0010001000100069
:109B40001000100010001000100020004000200045
:109B50001000100010001000100010001000100085
:109B60000C00000000001C002204C204800300005E
:109B700000000000000000000000000000000000E5
:109B800000000000000000000000000000000000D5
:109B900000000000000000000000000000000000C5
:109BA00000000000000000000000000000000000B5
:109BB00000000000000000000000000000000000A5
:109BC0000000000000000000000000000000000095
:109BD0000000000000000000000000000000C001C4
:109BE000C001C001C001C001C001C00180008000EF
:109BF00080008000800080008000000000000000E5
:109C000000008001C003C0038001000000000000CC
:109C100000000000000000000000E01CE01CF01E3E
:109C2000700E3807180308018400000000000000CF
:109C30000000000000000000000000000000000024
:109C40000000000000000000000000000000000014
:109C50000000000000000000000000000000000004
:109C600020102010201020102010FE7FFE7F1008F2
:109C7000100810081008100810081008FE7FFE7F5A
:109C80000804080408040804080400000000000098
:109C900000000000000000000000000000010001C2
:109CA000C00760191031183118391839380170019E
:109CB000E001C0038007000F001D003900311C3196
:109CC0001C310C310C11180DE007000100010001DE
:109CD0000000000000000000000000000000000084
:109CE0001C1036186308630C630463046302630288
:109CF0006301361D9C37802280634063406320638C
:109D00002063306310221836081C00000000000099
:109D10000000000000000000000000000000000043
:109D2000F00098018C018C018C018C018C00CC001E
:109D30007800183E1C083608320863046304C30424
:109D4000C303834306438E26781C000000000000F6
:109D5000000000000000000000001C003C003C006F
:109D60003000300010000C00060000000000000071
:109D700000000000000000000000000000000000E3
:109D800000000000000000000000000000000000D3
:109D90000000000000000000000000400020001053
:109DA0000008000C0004000600030003000380010B
:109DB0008001800180018001800180018001000319
:109DC0000003000300060006000C0008001000203D
:109DD0000040000000000000000002000400080035
:109DE0001000300020006000C000C000C0008001F2
:109DF0008001800180018001800180018001C0001C
:109E0000C000C000600060003000100008000400C6
:109E10000200000000000000000000000000000040
:109E20000000000000018003800300011C713C79E8
:109E3000783DC0070001C007783D3C791C710001E6
:109E4000800380038001000000000000000000008B
:109E50000000000000000000000000000000000002
:109E600000000000000000010001000100010001ED
:109E700000010001FC7F0001000100010001000160
:109E800000010001000000000000000000000000D0
:109E900000000000000000000000000000000000C2
:109EA00000000000000000000000000000000000B2
:109EB00000000000000000000000000000000000A2
:109EC000000000001C003C003C003000300010008E
:109ED0000C00060000000000000000000000000070
:109EE0000000000000000000000000000000000072
:109EF00000000000FE7F00000000000000000000E5
:109F00000000000000000000000000000000000051
:109F10000000000000000000000000000000000041
:109F20000000000000000000000000000000000031
:109F30000000000000000000000000000000000021
:109F4000000018003C003C00180000000000000069
:109F50000000000000000000000000400060002041
:109F60000030001000180008000C00040006000279
:109F70000003000180018000C0004000600020005C
:109F800030001000180008000C0004000600020059
:109F900000000000000000000000000000000000C1
:109FA000C007600C30181830183018200C600C6096
:109FB0000C600C600C600C600C600C600C60182075
:109FC000183018303018600CC00700000000000086
:109FD0000000000000000000000000000000000081
:109FE00000018001F8018001800180018001800171
:109FF0008001800180018001800180018001800159
:10A00000800180018001C003F81F000000000000F3
:10A010000000000000000000000000000000000040
:10A02000E007101C0818043004300C300C300030ED
:10A0300000180008000400020001800040002020F9
:10A04000102008200430FC1FFC1F0000000000004E
:10A050000000000000000000000000000000000000
:10A06000E003180E0C0C0C180C180C180018000C3F
:10A070000006C003000E00180010003000300C3045
:10A080000C300C100C18180CE0030000000000004D
:10A0900000000000000000000000000000000000C0
:10A0A000000C000E000E000F800E800E400E600EA1
:10A0B000200E100E100E080E040E040EFE7F000E71
:10A0C000000E000E000E000E000EC07F000000000B
:10A0D0000000000000000000000000000000000080
:10A0E000F03FF03F10001000100008000800C80703
:10A0F000280C1818081000300030003000300C30E8
:10A100000C3004180418080CF003000000000000D4
:10A11000000000000000000000000000000000003F
:10A12000800FC010203010301800180008000C00FC
:10A130008C0F6C183C301C600C600C600C600C6068
:10A140001860182030306018C007000000000000C0
:10A1500000000000000000000000000000000000FF
:10A16000F83FF83F1C100C08040804040004000227
:10A170000002000100010001800080008000C0009A
:10A18000C000C000C000C000C0000000000000000F
:10A1900000000000000000000000000000000000BF
:10A1A000E007300C18180C300C300C301C3038180C
:10A1B0007008E007B007180E0C1C06380630063091
:10A1C000063006300C18180CE003000000000000F8
:10A1D000000000000000000000000000000000007F
:10A1E000E00318040C080C18061006300630063080
:10A1F000063006380C3C1836F031003000180018D4
:10A2000000180C0C0C060C03F0010000000000000C
:10A21000000000000000000000000000000000003E
:10A2200000000000000000000000000000008001AD
:10A23000C003C00380010000000000000000000017
:10A2400000008001C003C003800100000000000086
:10A2500000000000000000000000000000000000FE
:10A260000000000000000000000000000000C0002E
:10A27000C00000000000000000000000000000001E
:10A28000000000000000C000C0008000800040000E
:10A29000400000000000000000000000000000205E
:10A2A000001000080004000600038001C0006000E8
:10A2B000300018000C00180030006000C000800161
:10A2C0000003000600040008001000200000000049
:10A2D000000000000000000000000000000000007E
:10A2E0000000000000000000000000000000FE7FF1
:10A2F00000000000000000000000FE7F00000000E1
:10A30000000000000000000000000000000000004D
:10A310000000000000000000000000000000040039
:10A320000800100020006000C0008001000300064B
:10A33000000C001800300018000C0006000380011B
:10A34000C0006000200010000800040000000000B1
:10A350000000000000000000000000000000C00736
:10A360003018083008600C601C601C601C600030F5
:10A37000001C0006000180008000800080000000BA
:10A3800000008001C003C003800100000000000045
:10A3900000000000000000000000000000000000BD
:10A3A000C0076018103018200C2F8C4D864CC64CFE
:10A3B000C64C664C66446644662666266615CC1C0A
:10A3C0000C40082018303018C007000000000000C2
:10A3D000000000000000000000000000000000017C
:10A3E000C001C001C001400160032003200320031D
:10A3F0003006100610061006F80F080C080C080CA2
:10A400000C0C0418041806181F7C00000000000043
:10A41000000000000000000000000000000000003C
:10A42000FE07181C18381830183018301830181853
:10A43000180CF807181818301820186018601860E1
:10A440001860186018301818FE0F00000000000097
:10A4500000000000000000000000000000000000FC
:10A46000C0276038103018200C400C400400060053
:10A4700006000600060006000600060006000C4066
:10A480000C400C2018303018C007000000000000FD
:10A4900000000000000000000000000000000000BC
:10A4A000FE03180E1818183018301830186018608D
:10A4B000186018601860186018601860186018300C
:10A4C000183018101818180EFE03000000000000C5
:10A4D000000000000000000000000000000000007C
:10A4E000FE3F183018201860184018001808180887
:10A4F000180CF80F180C1808180818001800180085
:10A500001840184018201830FE3F000000000000DE
:10A51000000000000000000000000000000000003B
:10A52000FE7F1870184018C01880180018101810F6
:10A530001818F81F1818181018101800180018000C
:10A5400018001800180018007E000000000000002D
:10A5500000000000000000000000000000000000FB
:10A56000C013701C101018100C200C2004000600E2
:10A57000060006000600060006FC063006300C3019
:10A580000C30183018303008C00700000000000000
:10A5900000000000000000000000000000000000BB
:10A5A0003F7E0C180C180C180C180C180C180C18F2
:10A5B0000C180C18FC1F0C180C180C180C180C1884
:10A5C0000C180C180C180C183F7E0000000000003E
:10A5D000000000000000000000000000000000007B
:10A5E000F81F8001800180018001800180018001CD
:10A5F0008001800180018001800180018001800153
:10A600008001800180018001F81F0000000000002F
:10A61000000000000000000000000000000000003A
:10A62000E07F0006000600060006000600060006A1
:10A6300000060006000600060006000600060006EA
:10A640000006000600060006000600060E060E03C1
:10A650008E01FC000000000000000000000000006F
:10A660007E7C18181808180418061802180198019A
:10A670009801D801B803380318071806180E180CEB
:10A68000181C1818183018307EFC0000000000005C
:10A6900000000000000000000000000000000000BA
:10A6A0007E00180018001800180018001800180084
:10A6B00018001800180018001800180018001800DA
:10A6C0001840184018201830FE3F0000000000001D
:10A6D000000000000000000000000000000000007A
:10A6E0001FF81C381C381C381C3C343434343434C7
:10A6F000343674326432643264326431C431C43109
:10A70000C431C430C43084309FFC0000000000001D
:10A710000000000000000000000000000000000039
:10A720001F7C1C103C103410341074106410E410A2
:10A73000C410C41184118413041304170416041ED6
:10A74000041C041C041C04181F1800000000000056
:10A7500000000000000000000000000000000000F9
:10A76000C003300C181808100C300C30066006605E
:10A7700006600660066006600660066006600C20E3
:10A780000C3008101818300CC00300000000000046
:10A7900000000000000000000000000000000000B9
:10A7A000FE0F1818183018601860186018601860CC
:10A7B00018301818F80F18001800180018001800A2
:10A7C00018001800180018007E00000000000000AB
:10A7D0000000000000000000000000000000000079
:10A7E000C003300C18180C100C300C2006600660EA
:10A7F0000660066006600660066006600660E4614A
:10A800002C331C321816300EC007004C007C003868
:10A810000000000000000000000000000000000038
:10A82000FE07181C1838183018301830183018184F
:10A83000180CF80798031803180718061806180EBE
:10A84000180C180C181C18187E7800000000000066
:10A8500000000000000000000000000000000000F8
:10A86000E027303818300C200C200C000C001800A9
:10A870007800E003800F001E003800700060046064
:10A880000460086018303818C80F0000000000008D
:10A8900000000000000000000000000000000000B8
:10A8A000FC3F8C21846182418241800180018001D2
:10A8B0008001800180018001800180018001800190
:10A8C0008001800180018001E0070000000000009D
:10A8D0000000000000000000000000000000000078
:10A8E0003F7C0C100C100C100C100C100C100C10E9
:10A8F0000C100C100C100C100C100C100C100C1078
:10A900000C100C1008083804E003000000000000E0
:10A910000000000000000000000000000000000037
:10A920003EF8182018201820301030103010301049
:10A93000600860086008E00CC004C004C004800324
:10A94000800380038003000100010000000000007C
:10A9500000000000000000000000000000000000F7
:10A96000DFF38661862186218C210C218C238C13B8
:10A970008C138C134C1358125816580E380E380E70
:10A98000380E300C10041004100400000000000009
:10A9900000000000000000000000000000000000B7
:10A9A0007E3E180838083004300470026002E0016E
:10A9B000C001C0018001800340034007200620063B
:10A9C000100C100C081808183E7C00000000000055
:10A9D0000000000000000000000000000000000077
:10A9E0007E7C1C10181018083008300C70046004AD
:10A9F0006002C002C002C0018001800180018001AC
:10AA00008001800180018001E0070000000000005B
:10AA10000000000000000000000000000000000036
:10AA2000F83F18180818040C040E0006000700036D
:10AA300080038001C001C000E000600070003000B1
:10AA4000382018201C100C18FE1F00000000000009
:10AA500000000000000000000000C03F4000400077
:10AA600040004000400040004000400040004000E6
:10AA700040004000400040004000400040004000D6
:10AA80004000400040004000400040004000C03F07
:10AA900000000000000000000000000000000800AE
:10AAA0001800180010003000200060006000400016
:10AAB000C000800080018001000100030002000648
:10AAC00000060004000C00080018001800100030F8
:10AAD00000200000000000000000FC030002000253
:10AAE0000002000200020002000200020002000256
:10AAF0000002000200020002000200020002000246
:10AB00000002000200020002000200020002FC0338
:10AB1000000000000000000000008007C0062008C0
:10AB20001010000000000000000000000000000005
:10AB30000000000000000000000000000000000015
:10AB40000000000000000000000000000000000005
:10AB500000000000000000000000000000000000F5
:10AB600000000000000000000000000000000000E5
:10AB700000000000000000000000000000000000D5
:10AB800000000000000000000000000000000000C5
:10AB90000000FFFF0000000000007800C00000017E
:10ABA00000000000000000000000000000000000A5
:10ABB0000000000000000000000000000000000095
:10ABC0000000000000000000000000000000000085
:10ABD0000000000000000000000000000000000075
:10ABE0000000000000000000000000000000F00372
:10ABF00018060C0C0C0C000C800F700C1C0C0C0CB0
:10AC0000060C060C064C0C4FF83800000000000043
:10AC10000000000000000000000000000000100024
:10AC20001E00180018001800180018001800180F4F
:10AC3000D8183830386018601860186018601860CC
:10AC40001860182038307818C8070000000000008D
:10AC500000000000000000000000000000000000F4
:10AC60000000000000000000000000000000C0071D
:10AC7000700C181818180C180C000C000C000C00A4
:10AC80000C20182018103008C00700000000000039
:10AC900000000000000000000000000000000010A4
:10ACA000001E001800180018001800180018E01BFB
:10ACB000301C181818180C180C180C180C180C1834
:10ACC0000C180818181C307AE00900000000000079
:10ACD0000000000000000000000000000000000074
:10ACE0000000000000000000000000000000C0079D
:10ACF000300C181808100C300C30FC3F0C000C0005
:10AD00000C00182018107018C00700000000000088
:10AD10000000000000000000000000000000000033
:10AD2000003E80C380C0C0C0C000C000C000FC1F87
:10AD3000C000C000C000C000C000C000C000C00013
:10AD4000C000C000C000C000F80F000000000000FC
:10AD500000000000000000000000000000000000F3
:10AD60000000000000000000000000000000C077AC
:10AD7000306C10181818181818181018300CF00724
:10AD800018001800F00FF03F08700C600C600C60A9
:10AD90003838E00F00000000000000000000100044
:10ADA0001E00180018001800180018001800980F4E
:10ADB000D81838301830183018301830183018308B
:10ADC00018301830183018307EFC000000000000E9
:10ADD0000000000000000000000000000000000073
:10ADE0008003800380030000000000000001F801E0
:10ADF000800180018001800180018001800180014B
:10AE00008001800180018001F81F00000000000027
:10AE10000000000000000000000000000000000032
:10AE20000038003800380000000000000010801FCB
:10AE30000018001800180018001800180018001852
:10AE40000018001800180018001800180018180C36
:10AE50001806F003000000000000000000001000D1
:10AE60001E00180018001800180018001800183EDE
:10AE7000180C1806180318019801D8013803180790
:10AE80001806180C181C18187E7C00000000000022
:10AE900000000000000000000000000000000001B1
:10AEA000F801800180018001800180018001800122
:10AEB000800180018001800180018001800180018A
:10AEC0008001800180018001F81F00000000000067
:10AED0000000000000000000000000000000000072
:10AEE0000000000000000000000000000800EE1C50
:10AEF0009C338C318C318C318C318C318C318C3158
:10AF00008C318C318C318C31DE7B000000000000F4
:10AF10000000000000000000000000000000000031
:10AF200000000000000000000000000010001E0FE4
:10AF3000D818383018301830183018301830183009
:10AF400018301830183018307EFC00000000000067
:10AF500000000000000000000000000000000000F1
:10AF60000000000000000000000000000000C0071A
:10AF7000701C103018300C600C600C600C600C60A1
:10AF80000C60183018303018C007000000000000B6
:10AF900000000000000000000000000000000000B1
:10AFA00000000000000000000000000010009E0FE4
:10AFB0005818383018201860186018601860186029
:10AFC00018601830383078189807180018001800E2
:10AFD00018007E00000000000000000000000000DB
:10AFE0000000000000000000000000000000C0237E
:10AFF000303C183818300C300C300C300C300C3021
:10B000000C3008301838303CE0330030003000306D
:10B01000003000FC00000000000000000000000004
:10B0200000000000000000000000000060007E3C06
:10B0300060666061E000E000600060006000600049
:10B040006000600060006000FE070000000000007B
:10B0500000000000000000000000000000000000F0
:10B060000000000000000000000000000000E027D9
:10B0700030381830182018007000E003800F001CD2
:10B08000043004300C301C18EC0F000000000000ED
:10B0900000000000000000000000000000000000B0
:10B0A00000000000800080008000C000E000FC1F65
:10B0B000C000C000C000C000C000C000C000C00090
:10B0C000C000C020C0208011000F00000000000060
:10B0D0000000000000000000000000000000000070
:10B0E00000000000000000000000000010201E3CD6
:10B0F0001830183018301830183018301830183010
:10B1000018301830183830F4E01300000000000048
:10B11000000000000000000000000000000000002F
:10B1200000000000000000000000000000007E3C65
:10B1300018181808380830043004700260026002E1
:10B14000E001C001C001C00080000000000000005C
:10B1500000000000000000000000000000000000EF
:10B160000000000000000000000000000000DFF709
:10B170008E630C238C238C2398139813581658161F
:10B18000700E700E700E20042004000000000000FD
:10B1900000000000000000000000000000000000AF
:10B1A0000000000000000000000000000000FC3E65
:10B1B00070087004E004C002C001800380034007EF
:10B1C0006006200C100C18183E7E000000000000E5
:10B1D000000000000000000000000000000000006F
:10B1E00000000000000000000000000000007E7C65
:10B1F0001818180830083008300460046004C002D1
:10B20000C002C002800180018001800080008000B7
:10B210004C003C00000000000000000000000000A6
:10B220000000000000000000000000000000FC1F03
:10B230000C0C040E0406000380038001C000E00033
:10B240007020302038301C18FC1F00000000000067
:10B2500000000000000000000000003000080004B2
:10B2600000040004000400040004000400040004BE
:10B270000004000280010002000400040004000435
:10B28000000400040004000400040004000400089A
:10B290000030000000010001000100010001000178
:10B2A0000001000100010001000100010001000196
:10B2B0000001000100010001000100010001000186
:10B2C0000001000100010001000100010001000176
:10B2D000000100010000000000000C001000200030
:10B2E000200020002000200020002000200020005E
:10B2F00020004000800140002000200020002000AD
:10B30000200020002000200020002000200010004D
:10B310000C00000000003800C400864002610022DA
:10B32000001C000000000000000000000000000001
:10B33000000000000000000000000000000000000D
:10B3400000000000000000000000000000000000FD
:10B3500000000000D6D0200020002000FE032202C2
:10B3600022022202FE032202200020002000BEB0A2
:10B37000FC010401FC010401FC012000FF070401A1
:10B38000FC01200024013202D4B0FE070204FA04BA
:10B3900002040204FE05520452044A058605020412
:10B3A000FE07B5E710001000FF0111011101FF01B8
:10B3B00011011101FF0111041004E007D7D30000AF
:10B3C000FC018000400020002000FF07200020003A
:10B3D000200020003800D6D080008000800080004F
:10B3E000FC1F84108410841084108410FC1F8410AF
:10B3F0008000800080008000BEB0F80F0808F80FC1
:10B400000808F80F8000FF7F0000F80F0808080800
:10B41000F80F80008410A2204000D4B00000FE3F4E
:10B420000220F22702200220FA2F222122212221AB
:10B43000122912290A2E0220FE3F0220B5E78000C1
:10B4400080008000FC1F841084108410FC1F841076
:10B4500084108410FC1F845080408040007FD7D32C
:10B460000000FE1F00080004000280018000FF7F32
:10B47000800080008000800080008000A0004000EC
:10B48000D6D00000000000000018000008000008EE
:10B4900000000800080818F8FF1F180818180818F6
:10B4A000180818180818180818180818F8FF1F089E
:10B4B0000808000800000800000800000800001844
:10B4C00000001800001800000000BEB000000000DE
:10B4D0000000400006C0FF07400006C0FF07400014
:10B4E00006C0FF07400802003000FEFF3F000000DA
:10B4F000C0FF07C00002C00002C00002C0FF0380FE
:10B50000100080110160100E3010180C1E30001C4D
:10B5100000000000D4B0000000000000080030F877
:10B52000FF1F08001008C010083F10080010080096
:10B5300010080013C8FF100822100822100822105B
:10B5400008221008211208211488601648C0132808
:10B550000010080010F8FF1F080010000000B5E7F9
:10B5600000000000000000180000080000080000B3
:10B570000800F0FF0F100804100804100804100859
:10B5800004F0FF0710080410080410080410080451
:10B59000F0FF071008000008100008100008200045
:10B5A000183000F01F000000D7D30000000000009A
:10B5B000000004F0FF0F00000600000100C00000C2
:10B5C0002800001800001800001830FEFF7F001847
:10B5D00000001800001800001800001800001800F3
:10B5E000001800001800001800001F00000C0000E8
:10B5F0000000D4CB00000000000008000430FE0F63
:10B6000020000020000000000000001000FF3F7E2E
:10B6100020002060002030002010012008022004BB
:10B620000C20060F20FE182000085800008E000095
:10B63000043F7C00F81F000000000000D0D0000094
:10B6400000000000000000C0000040F81F200000C3
:10B65000100100880100C4002040FE3F600001701E
:10B660000001500001480001440001400001400079
:10B670000140000140000140000140B80140C0010C
:10B68000008000000000C9E800000000000010F881
:10B690000320180660180260180200080200080261
:10B6A0000004027E067E200104A0FC0F2008042076
:10B6B000100620100620200220220120C101A0C077
:10B6C0000060600360180E00063880010000000072
:10B6D000D6C3000000000000F0FF0F104208104227
:10B6E00008104208F0FF0F100808000808F8FF1FB4
:10B6F000000802C0FF07400002400002C0FF0340F4
:10B700000002C0FF03400002C0FF034000024000EF
:10B7100022FEFF7F000000000000B5F700000000DF
:10B72000000010000020FC3F608410408410008462
:10B730001000F4170084107E841420FC1F200410D5
:10B7400020041020E413202412202412202512A00B
:10B75000E613E0221260021020011000011E80009A
:10B7600018000000CAD4000000000000008000089B
:10B77000800F10001930001120002120FF7F0000F1
:10B78000010000017E400120FF0120100120100374
:10B79000201002201002201206209144A0704C605C
:10B7A0000E48700238200070000040000000B0E633
:10B7B000000000400000C00018C8801FC87800C802
:10B7C0000800C80800C80800F8FF1F082818084823
:10B7D00008084808F8490C884904888904888902BF
:10B7E0008809038C050384850684450C842238026D
:10B7F0001A30020500000000B1BE00000000080081
:10B80000001800001800001800001810FCFF3F008E
:10B810003C00003C00005E00005A00009B000099C4
:10B8200001801901C0180240180620181DD0FF7BA6
:10B830000C18100218000018000018000018000072
:10B840001800D0C5000000002000C0400040C0002B
:10B8500040C01020FF3F20000010000830FE1F28CD
:10B86000000028000824FE1F220000200000200005
:10B870000020FC1F200408200408200408200408DD
:10B8800020FC0F200408200408000000CFA20000C4
:10B8900000000C00000400C0FF074000024000024E
:10B8A000C0FF03400002400002C0FF03400002400E
:10B8B0000002C0FF07400402000800801800903119
:10B8C000089031109001329801221C012300FF03DF
:10B8D000000000000000D7D4000000000C00000CA5
:10B8E00000000400000400E0FF0F2000042000041A
:10B8F000200004200004E0FF0720000420000420B2
:10B900000004200004E0FF072000042000042000C1
:10B9100004200004E0FF07200004200004000000D1
:10B92000B6AF000000000000008000008000008230
:10B9300000FC870000800000F03F008030FE8F3068
:10B9400040803060803020801030811010C210089C
:10B950004610084410FC2F100C38100010100088FE
:10B960001900060E000104000000CAD60000000005
:10B97000000000000600F00FF80F000008000008AB
:10B9800000000804F8FF0F0008000008000008008D
:10B99000000810FEFF3F000800000800000800003B
:10B9A0000800000800000800800900000E000004E4
:10B9B00000000000B2CE000000000000000C0000FB
:10B9C000C30080000360F007E00F0C000608FEFFD4
:10B9D0003F004300809100C01801600C0610467CB7
:10B9E0000CE110C2300030180000060680810360B0
:10B9F000E000003800000700F80000000000CAFD69
:10BA0000000000808000888801908800B0C4009009
:10BA10004200FCDF3FC06008E06308A06408905C5F
:10BA20000C8C500C82800CC08004FE8F0460840754
:10BA300020040370020380870780CD0C60683818EB
:10BA40001830060400000000BCE000000000000008
:10BA500000410000430010610010E11F10210010A0
:10BA6000B1001011011011061009061005040001A3
:10BA700004000104F0FF0F1062041062041062045D
:10BA8000106204106204106224FEFF3F00000000F8
:10BA90000000CAD300000000000010000020F81FC2
:10BAA000600808600808FE8909808808C088084086
:10BAB0008808608808608808F08908688B0964CA6B
:10BAC000036242016040016060216020216010211A
:10BAD00060086160063F200100000000B1E0000046
:10BAE0000000400060800020800010FC1F1004183F
:10BAF000880518880418E4FC1F5C04082004001062
:10BB0000FC3F084E32CC4E323C4A3200FA3F804A6B
:10BB100032704B321E493284493280083040081856
:10BB2000200010000000B3CC000000000000000165
:10BB300000E0FB1F5C10104010104010104010106F
:10BB4000FEF71F601810600810E0FC3F5003015022
:10BB5000020158000148001144F83F44000142002E
:10BB60000160000160002160FE7F600000000000B5
:10BB7000D0A1000000000000001800001800001014
:10BB800000001000001000001000809000801101E3
:10BB9000C0100240100460101C3010181010300843
:10BBA00010300410200010000010000010000019D8
:10BBB00000001E00000C00000000B3B500000000F3
:10BBC0000400000600000208F8FF1F0001008009C1
:10BBD00000801800C01800401800601804F0FF0F23
:10BBE000201800001800001800001820FEFF3F0079
:10BBF00018000018000018000018000018000018B5
:10BC000000000000C6C1000000000000F0FF0F307F
:10BC10000018300018300018F0FF1F300009300401
:10BC200003300C01308808B0FF1F100C01100C010C
:10BC3000100C11F0FF3F1004010804010804010872
:10BC40000201040301840001420001000000C4BBA2
:10BC5000000000004200004210FCFF3F004200C014
:10BC6000FF03400002400002C0FF03400002C0FF8B
:10BC700003400402000600FEFF3F808900C0180355
:10BC8000F0FF1FCC083BC20803C00803C0C8034034
:10BC90009801001800000800BFAA00000000000082
:10BCA000000008FCFF1F00810000810000810000EF
:10BCB0008100008100008100008110FEFF3F0081B3
:10BCC0000000810000810080810080800080800071
:10BCD0004080006080003080000880000480000008
:10BCE0000000B7A2000000004400008401600603C9
:10BCF000300606100206180210FCFF3F0802000082
:10BD0000030000030000FF0700050680050280080D
:10BD100003C0900140900060600020E00010980394
:10BD2000080C0F04037CE20010000000C8CB0000E8
:10BD300000000000000C00001C00000C00000C00C3
:10BD4000001C00001C00001C00001C00002400005F
:10BD5000240000260000460000420000C3000081CD
:10BD600001800101C0000360000E30003C08003873
:10BD7000060000000000D4B100000000000080FFB9
:10BD80000380000280000280000280000280FF0326
:10BD9000800002000000E0FF0F20080420180420AB
:10BDA0001804201804200804200804200C0420642F
:10BDB0000000820380010E6000181C0000000000DB
:10BDC000C3FB000000000400000E0000020400FF9E
:10BDD0000F000106800002C0000320830110C6008E
:10BDE000086600003000001800000C0000FF1F80F3
:10BDF00001086001081C010800010800010800FF9B
:10BE00000F000108000100000000B5A5000000803F
:10BE1000800000810100C300004200E0FF0720080D
:10BE200004200804200804E0FF0720080420080478
:10BE3000200804E0FF07200804100810FEFF3F0060
:10BE400008000008000008000008000008000008C2
:10BE500000000000BEB0000000000000C0FF034072
:10BE60000006400006C0FF07400006C0FF0740086C
:10BE700002003000FEFF3F000000C0FF07C00002CC
:10BE8000C00002C0FF03401002809000C011036098
:10BE9000100C181018061E30000800000000C0D951
:10BEA00000000000410000C110FCFF3F00C1000085
:10BEB000C104F0FF0F001800F8FF3F081810ECD97C
:10BEC0000B041800E0D903001800000800E0FF0F81
:10BED00020180C20180CE0FF0F20180C20180CE084
:10BEE000FF0F200004000000D0EC000000404000E4
:10BEF000E0E00020600030B000101001880802C4AB
:10BF00000C0C42067A20FD3FB04000304000284033
:10BF10001024FF3F224000204000204C0220440417
:10BF2000204218204130A040306070000020000006
:10BF30000000C5E000000000400060C0002080005C
:10BF400020FE1F200000200804201004FE310220E3
:10BF5000200220200120FF3F20000020000020F8C8
:10BF60000F200A0CE0090C30080C0E080C04080C19
:10BF700000F80F00080C000804000000D4AD000019
:10BF800000000008F0FF1F302000302000301000BB
:10BF900030FF0F30030830030830FF0F3003083044
:10BFA000030830030830FF0F3043081040001044EE
:10BFB0000110460610431C88413048603024782028
:10BFC000022000000000C6EB000000000400001882
:10BFD00000001008FCFF1F80800100C1000062000B
:10BFE000003400001800003C0000E301C0807F3CEA
:10BFF000813C00810100810100810100810180817B
:10C000000180800140800120800118800000000034
:10C01000D6CE00000000000000400030E0006020AC
:10C02000004030000012040009080209188C863F05
:10C03000987E3090000040000040FC0F400C08202B
:10C040000C08200C08380C08300C08300C0830FCA8
:10C050000F300C08300C08000000CCD800000000A5
:10C06000C00040C00040C0084CFC1F4CC00044C091
:10C0700000FCC30044C02042FE7F42000240020692
:10C08000C0012260FE7F5800024E080244180240A0
:10C090003002401002400002406002408003400035
:10C0A00001000000B1F0000000000000000010F0EE
:10C0B0001F10100810100810108811108811F08F30
:10C0C00011508811808111808011808011FCBF1176
:10C0D000809011C09011409011409810601810206D
:10C0E00018101008100C0E1E020408000000C3F9FE
:10C0F000000000004000004000002000FCF80F8419
:10C10000280884480C84C80C84880C84080484881B
:10C1100004840807840801FCFC3F840830040010F4
:10C1200004001280FF1700001000001000801800AB
:10C13000000F000004000000D0BB00000000080851
:10C14000080818100818307E1820621800621800BD
:10C15000FE7F3E6218106218107E1810621910627D
:10C160001B10621AD07F1A107118907818506C1832
:10C1700030641810631880601840780E00200800A2
:10C180000000B6D400000000000000000000000421
:10C19000000004FC070400020400020400FF3F0842
:10C1A0000104100104A01104C03004C06004C06088
:10C1B000046021042003041003040802040802049C
:10C1C000066204008007000002000000D0A1000009
:10C1D000000000000018000018000010000010000F
:10C1E000001000001000809000801101C01002407B
:10C1F000100460101C30101810103008103004109B
:10C2000020001000001000001000001900001E00A7
:10C21000000C00000000B3B50000000004000006A0
:10C2200000000208F8FF1F000100800900801800CC
:10C23000C01800401800601804F0FF0F201800001C
:10C240001800001800001820FEFF3F00180000181A
:10C25000000018000018000018000018000000007E
:10C26000B2CE000000000000000C0000C3008000FF
:10C270000360F007E00F0C000608FEFF3F004300DC
:10C28000809100C01801600C0610467C0CE110C2C1
:10C29000300030180000060680810360E00000389E
:10C2A00000000700F80000000000CAFD0000008048
:10C2B0008000888801908800B0C400904200FCDFB4
:10C2C0003FC06008E06308A06408905C0C8C500CD0
:10C2D00082800CC08004FE8F0460840720040370F9
:10C2E000020380870780CD0C606838181830060478
:10C2F00000000000B5F70000000000001000002062
:10C30000FC3F60841040841000841000F417008407
:10C31000107E841420FC1F20041020041020E4133D
:10C32000202412202412202512A0E613E0221260FD
:10C33000021020011000011E800018000000CAD465
:10C3400000000000000000800008800F100019307D
:10C35000001120002120FF7F0000010000017E402D
:10C360000120FF01201001201003201002201002E4
:10C37000201206209144A0704C600E4870023820B4
:10C380000070000040000000D7F600000000000030
:10C39000600403600403200401300401102401D070
:10C3A000FF3F38841018841814C418144409923FAD
:10C3B0000990300990300990300590300690300691
:10C3C000903F0790B00D90C018102030101800005A
:10C3D0000000B3F600000000000000080000180094
:10C3E00000180030180C30180430180430180430CD
:10C3F0001804301804F0FF0700180C00180000188B
:10C40000003018181018081018081018081018080C
:10C41000101808F8FF0F000008000000B5C4000065
:10C4200000408000C0800140C00040C000204000AB
:10C43000F8E73F082210081210081210080A100826
:10C440002210F8C310088210088210080210080297
:10C4500010080210080210F8031808821808020FCA
:10C46000000004000000B9B100000000000000005E
:10C4700004F0FF0F000800000800000820FEFF3F46
:10C48000000000000000E0FF07600806601806607A
:10C490000806600806600806600C066004062006B0
:10C4A0000000C30080010760000C1C0008000000B1
:10C4B000CFD7000000400000C00003C00005C0004E
:10C4C00019FE1F11400011400021FCFF3F1408031A
:10C4D000240903240905A40805F48B05C48805C4B0
:10C4E0008804F48B08C4CC08C44818C44910C42E6E
:10C4F00030441420000800000000B9CC0000000007
:10C500000000F8FF1F08081808181808181808185D
:10C5100018E8FF1F08181808181808181808FF1935
:10C5200008811808811808811808811808FF180860
:10C530008118088118080018F8FF1F080018080063
:10C5400008000000BCFE000000808000C08100C028
:10C550008000408C00608C0020840030FC1F308400
:10C560000028820028820024810022810020FF3FD1
:10C57000208000208000208000208000208000207B
:10C580008000208000208000208000000000B0E6B5
:10C59000000000400000C00018C8801FC87800C814
:10C5A0000800C80800C80800F8FF1F082818084835
:10C5B00008084808F8490C884904888904888902D1
:10C5C0008809038C050384850684450C842238027F
:10C5D0001A30020500000000B1BE00000000080093
:10C5E000001800001800001800001810FCFF3F00A1
:10C5F0003C00003C00005E00005A00009B000099D7
:10C6000001801901C0180240180620181DD0FF7BB8
:10C610000C18100218000018000018000018000084
:10C620001800D6D0000000000000000000800000CC
:10C6300000800100008001000080010000800100F6
:10C64000008001001080010CF0FFFF0F308001041A
:10C650003080010430800104308001043080010406
:10C66000308001043080010430800104F0FFFF07B6
:10C67000308001043080010400800100008001004E
:10C6800000800100008001000080010000800100A6
:10C690000080010000800100008001000080000097
:10C6A00000000000BEB0000000000000000000001C
:10C6B00000000001800100FFFF0100038001000372
:10C6C000800100FFFF01000380010003800100FFE3
:10C6D000FF0100818100000003000000031CFCFF3B
:10C6E000FF3F000040000003C00100FFFF01000306
:10C6F000C0000003C0000003C00000FFFF000001F5
:10C70000410000040100000E71000007810180015A
:10C7100001076000010E1898011C04E0011800C018
:10C72000000000000000D4B0000000000000000085
:10C7300000000008F0FFFF1F3000000C3000000C6C
:10C740003000100C30FE3F0C3004000C3000000CA8
:10C750003000000C3000000C3000C00CF0FFFF0D6A
:10C760003030060E3030060C3010060C3010060C3F
:10C770003010060C3018860C3018860C3008060D68
:10C78000300C860D3006EE0F3002FC0D3001000C2F
:10C79000F000000C3000000CF0FFFF0F3000000C28
:10C7A0001000000400000000B5E7000000000000D9
:10C7B000000000C0000000C0010000C0000000C078
:10C7C000000000C0000000C00000E0FFFF0360C0E8
:10C7D000000360C0000360C0000360C0000360C0CD
:10C7E000000360C00003E0FFFF0360C0000360C0FF
:10C7F000000360C0000360C0000360C00003E0FFEE
:10C80000FF0360C0000160C0000000C0000800C05D
:10C81000001000C0001000C0001800C001380080E7
:10C82000FF1F0000000000000000D7D30000000040
:10C83000000000000000000000000003C0FFFF0730
:10C84000000080070000C000000060000000180029
:10C8500000000C0000800300008003000080010045
:10C86000008001080080011CFCFFFF3F00800100E8
:10C8700000800100008001000080010000800100B4
:10C8800000800100008001000080010000800100A4
:10C8900000800100008001000080010000FC010018
:10C8A00000E000000040000000000000BACB0000E3
:10C8B00000000000000080000400800118008001DA
:10C8C0003000800130008001101880E1FF3F8009B6
:10C8D0000800FC1F1C0080010C00C0010601C00103
:10C8E0008207C0018101E087C000E0CD7F00A0C9C0
:10C8F0006104B009300E9001180690010C03880104
:10C9000086038801C3018481C000804160008031BA
:10C91000B00080010C03800106068001030C80C179
:10C92000001880310018800C000000000000D0C406
:10C9300000000000000000000000000000000000F7
:10C940000060000000C0000000800300000007003D
:10C950000000070000000600000C0600001C02009A
:10C96000000C0000000C0000400C0002400C00060F
:10C97000600C000C600C001C600C0018700C00387F
:10C98000380C80383C0C8010000C8000000C8000BB
:10C99000000C8000000C8000000CC00100F8FF01BA
:10C9A00000F8FF0000000000000000000000000090
:10C9B000D1A1000000000000000000000C000000F9
:10C9C0001C0020400C0040C00C00C0600C00C06087
:10C9D0000C0380E0FF0700200C0000100C0000108A
:10C9E0000C0080080C00FC010C0CC0FCFF1FC000F8
:10C9F0002300C0002300C0002100C0802100C080AF
:10CA00002100C0802000C0C02008C0402008C020F5
:10CA10002018E01060383809E01F1C0600000C3CAC
:10CA2000006000F0FF1F0000FF0F0000000000008A
:10CA30000000CFEE00000000000000000000000831
:10CA400000F0FF1F0000300000081000FC1F18005D
:10CA500080010800804108088081FF1F8081000C50
:10CA60008081000C8081100C8081700C8081300CE2
:10CA70008081300C8081300C8081300C8081300CC2
:10CA80008099300C8087300CE081300C7C80100C59
:10CA90001C4058000800980100000C060000061C0D
:10CAA0000000031C00800118006000100018000046
:10CAB00000000000B2CB00000000000000000008F1
:10CAC000040000181C0000180C0000180C18FCFFD3
:10CAD000FF3F00180C0000180C000018C4010000F3
:10CAE000FC0300FC0F00F0030000004080014080C8
:10CAF00081018001C3000003430000832000008007
:10CB000013000080091CFEFFFF3F00E0050000B09D
:10CB1000050000981900008C3100008661008081BA
:10CB2000C101C080010F3080011E0C80010800800F
:10CB3000000000000000B5A500000000000000009B
:10CB400000020000000470000018300000381800D7
:10CB50000030080040100401C0FFFF03C080010145
:10CB6000C0800101C0800101C0800101C0FFFF0140
:10CB7000C0800101C0800101C0800101C0800101AD
:10CB8000C0FFFF01C0800101C080010000800118CA
:10CB9000FCFFFF3F008001000080010000800100D9
:10CBA0000080010000800100008001000080010081
:10CBB0000080000000000000B5F700000000000049
:10CBC00000000000000020200000C0E0FF1FC06146
:10CBD00010188061300880611008006090080060C3
:10CBE000FF090060100880601008FC611008C06038
:10CBF0001009C0E0FF0FC0600008C0608208C0607C
:10CC0000FE09C060C608C060C608C060C608C0286B
:10CC1000C608C024C608C026FE08C033C608C01116
:10CC20004608C0100008800800080008C00F000473
:10CC3000000E0002000400000000CAD40000000042
:10CC400000000000000020000000E0033000600E43
:10CC50006000600CC0006008C0006018C000601078
:10CC600000FCFF3F0000600000006000000060006A
:10CC700080006000FE016800C0F85F00C0804100D5
:10CC8000C080C100C080C100C080C100C0808100E0
:10CC9000C0808101C0908101C0883123C0840F23EE
:10CCA000C0C20326C07B002EC011003CC00100386A
:10CCB000800000300000002000000000CAD6000004
:10CCC000000000000000000000010000F0030080F0
:10CCD000FF07F0FF010000800100008001000080DC
:10CCE00001000080010000800103F0FFFF070080C9
:10CCF0000100008001000080010000800100008030
:10CD0000010000800118FEFFFF3F0080010000804D
:10CD1000010000800100008001000080010000800F
:10CD20000100008001000080010000C0010000FC43
:10CD3000000000E000000060000000000000B6AF4E
:10CD40000000000000000000000010000000700063
:10CD50000000300000303000F87F3000000030006C
:10CD600000003000000030000000FF3F004030189D
:10CD7000FCFF30180001301880073018800130188F
:10CD8000C0001018C00010186008181820101818DB
:10CD9000303008181060081808FE0C08FCC10408A0
:10CDA0001C4006080000030C0080010C0080300CC1
:10CDB0000060C007001080070008000100000000AC
:10CDC000D4CB0000000000000000000000001000B4
:10CDD000000060000003C0F0FF07C0010000C001B8
:10CDE00000008000000000000000000000000000C3
:10CDF000000C80FCFF1FFC010400C0000E00C000FE
:10CE00000600C0000300C0000300C080C100C08055
:10CE10008001C0400003C0200006C0F0FF0FC0F03A
:10CE2000000EC0000004300100001C0600000C3C95
:10CE3000006000F0FF1F0080FF0F000000000000F6
:10CE40000000D0D000000000000000000002000040
:10CE5000000700000003000480C1FF0F80000000F5
:10CE60004000000020040000100C0000080E00002C
:10CE70000006001800F3FF3F8001600080016000A1
:10CE8000C0036000600160003001600018016000B4
:10CE90000C01600000016000000160000001600002
:10CEA00000016000000160000001600000016000FE
:10CEB0000081730000013E0000013800800008007E
:10CEC00000000000D0A10000000000000000008071
:10CED0000000008007000080010000800100008049
:10CEE000010000800100008001000080010000823C
:10CEF0000100008E21000086410000878100008330
:10CF000081018081010380810106C080010E408083
:10CF1000011C6080011C30800118108001180880FD
:10CF200001100480010000800100008001000080E9
:10CF30000100008C010000F0010000E00000004052
:10CF4000000000000000B3B5000000000000000079
:10CF500000200000006000000070000000300000B1
:10CF600000380006F0FFFF0F00180000000C000062
:10CF7000008C030000860100008301000083010093
:10CF800080810100C0810103E0FFFF07C080010034
:10CF90000080010000800100008001000080011875
:10CFA000FCFFFF3F008001000080010000800100C5
:10CFB000008001000080010000800100008001006D
:10CFC0000080010000000000C6C100000000000059
:10CFD00000000000000000000004C0FFFF0FC000C0
:10CFE000000CC000000CC000000CC0FFFF0F400090
:10CFF000000C402040004060E00040C0600040C0A5
:10D0000020004080100640FEFF0F6040600060403E
:10D01000600060406000604060006040600CA0FF05
:10D02000FF1F204060003040600010606000106012
:10D0300060000830600008106000040C6000040606
:10D0400060008001200000000000C4BB0000000060
:10D050000000000000180C0000381C0000180C082C
:10D06000FCFFFF1F00180C0000180C0000FFFF0160
:10D070000001C0000001C00000FFFF000001C0006F
:10D080000001C00000FFFF000061C00080700018B8
:10D09000FCFFFF3F000C1000008620008083C101D0
:10D0A000C080410F30FFFF3E0C83C1080083C100E8
:10D0B0000083C1000083C10000834D000083710024
:10D0C000008121000080000000000000C9E800008D
:10D0D00000000000000020008000C080FF01C0812F
:10D0E000C1008081C1008081C1008080C1000080BA
:10D0F000C00000C0C00000C0C03F8060803FFC2373
:10D1000000008011000180EDFF0780810003800195
:10D11000810380018101800181018001C2008021A1
:10D12000C2008011640080097C00800538008007FF
:10D13000180080037C008001E6010080C30700E046
:10D14000003F0038000C0007000000000000D6C3BC
:10D15000000000000000000020000006E0FFFF0FBC
:10D1600060300C0660300C0660300C0660300C0637
:10D17000E0FFFF076040000600800300008000061B
:10D18000F0FFFF0F00C0000080C0C00000FFFF01E3
:10D190000003C0000003C00000FFFF000003C00048
:10D1A0000003C0000003C00000FFFF000003C00038
:10D1B0000003C00000FFFF000003C0000003C00028
:10D1C0000003C018FEFFFF3F000000000000000049
:10D1D000D7D400000000000000000040000000C0A4
:10D1E000010000C00000006000000020000040209E
:10D1F000000180FFFF078001800180018001800124
:10D200008001800180018001800180FFFF01800199
:10D210008001800180018001800180018001800106
:10D2200080018001800180FFFF0180018001800179
:10D23000800180018001800180018001800180FFE8
:10D24000FF018001800180018001800080010000D9
:10D250000000000610160006101600000000000076
:10D260000000010203040607080900000000010293
:10D270000304000000000000555555555555C53FA5
:10D280007D6FEB0312D6D4BF5544880E55C1C93FFC
:10D290003B8F68B52882A4BF88B20175E0EF493F93
:10D2A00009F7FD0DE13D023F4B2D8A1C273A03C0D3
:10D2B000C88A599CE52A004059018D1B6C06E6BFBF
:10D2C00082922EB1C5B8B33FBFAAB7A2C8CBD4B122
:10D2D00000000000B5F7CAD400000000BACBD0C4EB
:10D2E000D1A1CFEE00000000D4CBD0D0B2CBB5A5F9
:10D2F00000000000B1E0B3CC00000000D7D4B6AF0E
:10D30000D4CBD0D000000000CAD6B6AFD4CBD0D09A
:10D3100000000000B2CECAFDBCE0CAD3000000008D
:10D3200053706565645F4400416E676C655F4400DF
:10D3300053706565645F4900416E676C655F4900C5
:10D3400053706565645F5000416E676C655F5000A7
:10D35000B5F7CAD4B2CBB5A500000000C9E8D6C362
:10D36000B2CBB5A500000000D0A1B3B5C9E8D6C3C3
:10D3700000000000C6C1C4BBC9E8D6C3000000005D
:10D3800052756E203E3E3E3E3E3E3E3E3E3E3E3E60
:10D390003E3E00004D6F746F72315F53706565647F
:10D3A000000000004D6F746F72325F5370656564EA
:10D3B0000000000052756E5F74696D65000000002A
:10D3C0004D6F746F72315F53746174757300000038
:10D3D0004D6F746F72325F53746174757300000027
:10D3E0004175746F5F52756E5F4D6F64650000002C
:10D3F0005461726765745F506F696E74000000005D
:10D400005377657276655F53706565640000000050
:10D410004D61785F5370656564000000454550526A
:10D420004F4D5F45726173650000000045455052E5
:10D430004F4D5F4C6F636B005247425F4C696768AA
:10D4400074000000454550524F4D5F4F7574000009
:10D45000536C6565705F74696D650000536C65653C
:10D46000700000004C43445F425F636F6C6F72005A
:10D470004C43445F4272696768746E657373000061
:10D48000A0D4000800000020900600002608000834
:10D49000F0D6000890060020A80C0000D079000803
:10D4A0000124224442202718C63084FFFF200F5158
:10D4B000A6E0FFFF071FF8CF012003FF7F32041310
:10D4C000DCD214080CD3B308655AE4383113F85A87
:10D4D0003A5A281AE4281AD404A9286B840128345B
:10D4E00060FC5A6928DA78506B740228ABE0FF2898
:10D4F0001AC8047266139D0FA2085C200346281AFE
:10D50000E824DAFC7813B4035A20DC9BF846A0DA4E
:10D5100008781AC47849286B60FC502928DA142846
:10D52000414928ABE0FF28DAF47889282B2003C88A
:10D5300032061A504C1A40044132FF4BFD090C29A7
:10D54000281A01A0120A3A372829501A3028295CD3
:10D550000910285C60FC0A5029281A2028291D0976
:10D560001028ABE0FF281A48280A130C28AB200328
:10D57000281A38280A131028AB9F24281A28280AAA
:10D580001314282BCF012832021A5C241A6804B223
:10D5900065132C042A20283113F8463A5A282950BA
:10D5A000DA74286B1C05285C60FC46781A08241A7B
:10D5B000940432189A64783AE4781113F80A7A37A6
:10D5C000A01AA4280A131C28AB60FCC81AC028297A
:10D5D0008D1940D928ABE0FF281AD0280A13242837
:10D5E000AB2003281AB4283228FA3C28AB9F242801
:10D5F0001A80287266ABA166282BCF012832031A45
:10D60000FC281AE02832480A1302F03A5F28295011
:10D610001AF028324C0A1505F06928A9780B14C1B4
:10D6200060F01A68241338D4DB082CF06B7402788D
:10D630007A37C81A10283230FA64284978692811D4
:10D6400019280A133428897829281A442869A0AB94
:10D65000B51528AB2003289A2C28BA7528AB9F242F
:10D66000289A1C28ABED14282BCF01282A04101966
:10D67000F01A702832380A1563F0292829501A64E4
:10D6800028323C293C0912F069281A5C28324019DA
:10D69000400913F069281A50283244FAFF2849F04B
:10D6A00081E00DCDCCCC3DB00FA1348FC2753D1EB5
:10D6B000804017B7D1BBC3C84320096666E6406FF8
:10D6C00012033A0B22A04118215A2010C370424580
:10D6D0008FC2953F3C9A999908011429E482101B46
:10D6E00024F4AC1F4C3F52499D399C09133400006F
:040000050800018965
:00000001FF
