:020000040800F2
:10000000E82E0020A1010008E55C0008653F00081B
:10001000195B000861090008216800080000000061
:100020000000000000000000000000005D6000080B
:10003000710F000800000000B75D0008C5600008EF
:10004000BB010008BB010008BB010008BB010008A0
:10005000BB010008BB010008BB010008BB01000890
:10006000A9150008C1150008BB010008BB01000864
:10007000BB010008BB010008BB010008BB01000870
:10008000BB010008B50E0008BB010008BB01000859
:10009000BB010008BB010008BB010008BB01000850
:1000A000656100089D61000881610008BB010008CE
:1000B0000562000811620008BB010008BB010008CE
:1000C000BB010008BB010008BB010008BB01000820
:1000D000BB010008BB010008BB010008BB01000810
:1000E00089150008BB010008BB010008BB0100081E
:1000F000BB010008BB010008BB010008BB010008F0
:10010000BB010008BB010008BB010008BB010008DF
:10011000BB010008BB0100081D620008BB0100080C
:10012000BB010008BB010008BB010008BB010008BF
:10013000BB010008BB010008BB010008BB010008AF
:10014000BB010008BB010008BB010008BB0100089F
:10015000BB010008BB010008C10E0008BB0100087C
:10016000BB010008BB010008BB010008BB0100087F
:10017000BB010008BB010008BB0100080000000033
:10018000BB010008BB010008DFF810D000F0E8FA5E
:1001900000480047B5740008AFF30080E82E002047
:1001A0000648804706480047FEE7FEE7FEE7FEE711
:1001B000FEE7FEE7FEE7FEE7FEE7FEE75561000823
:1001C000890100082DE9F05F0546002092469B4614
:1001D00088460646814640241BE02846414647465D
:1001E000224600F097F953465A46C01A914110D35F
:1001F00011461846224600F07EF92D1A67EB0108D9
:100200004F4622460120002100F075F917EB000946
:100210004E41201EA4F10104DFDC484631462A4647
:100220004346BDE8F09FD2B201E000F8012B491E21
:10023000FBD270470022F6E710B513460A46044683
:100240001946FFF7F0FF204610BD10B5002200E070
:10025000521C835C8C5CA34201D1002BF8D1D8B234
:10026000E1B2401A10BD2DE9FE4F804681EA03003D
:10027000C00F0C46009021F0004123F00045B8EB80
:100280000200A94105D24046214690461C460B4635
:10029000024623F00040104347D0270DC7F30A0061
:1002A000C3F30A510290401A019040286BDAC3F35D
:1002B000130040F4801B0098924620B10023D2EB3B
:1002C000030A63EB0B0B01985946C0F140025046FC
:1002D00000F011F906460D4650465946019A00F0C5
:1002E00029F910EB08006141002487EA115284EAE1
:1002F000E7731A4340D0009A62B3019A012A4FEA89
:10030000075215DC001B61EB02014FF0004202EACC
:100310000752CDE90042001C41F5801132462B46C0
:1003200000F060F903B0BDE8F08F40462146F9E7E0
:10033000001B61EB0201001C41F5801300185B41BA
:100340002018A2F5001747EB030140EAD570B61953
:100350006D4111E06D084FEA360645EAC0754FEA77
:100360000752001B61EB0201001C41F58011490896
:100370004FEA30000019514132462B4603B0BDE828
:10038000F04F00F020B90098012240000023D0EB8C
:10039000020263EBE073009821464FEAE074B8EB89
:1003A000000061EB0401E9E783F000435BE781F0C3
:1003B000004158E72DE9FE4F81EA030404F00044B0
:1003C00021F0004100944FF0000B23F0004350EA6D
:1003D00001045ED052EA03045BD0C3F30A54C1F3B4
:1003E0000A552C44A4F2F3340194A0FB0254C1F347
:1003F000130141F48011C3F3130343F4801301FB91
:10040000024400FB034E840A970A44EA815447EAF7
:100410008357A4FB076802958D0A05FB07854FEA01
:10042000932C04FB0C542705029D4FEA065847EA1B
:100430001637B5EB08056EEB070C870E920E47EAF0
:10044000811742EA8312A7FB0201B6EB0B0164EBB2
:1004500000042B0D43EA0C335E1844EB1C50DA46C3
:100460005146E7FB0201C5F313044FEA0B3343EA9D
:1004700014534FEA0432019C43EA0603A4F10C042E
:100480000294009CCDE900B400F0ACF803B0BDE8E4
:10049000F08F00200146F9E700F0004230F0004004
:1004A0000AD0C10D01F56071C0F3160042EA015196
:1004B000C20840071143704700200146704701F011
:1004C000004330B421F0004150EA010206D00A0D89
:1004D000A2F56072C1F31301002A02DC30BC0020D7
:1004E0007047440F44EAC104C100E01830BC00EB7F
:1004F000C25000F031B8202A04DB203A00FA02F1A1
:10050000002070479140C2F1200320FA03F3194301
:1005100090407047202A04DB203A21FA02F00021A3
:10052000704721FA02F3D040C2F120029140084303
:1005300019467047202A06DBCB17203A41FA02F011
:1005400043EAE07306E041FA02F3D040C2F1200230
:1005500091400843194670470029A8BF7047401CC6
:10056000490008BF20F00100704710B4B0FA80FCC9
:1005700000FA0CF050EA010404BF10BC704749B106
:10058000CCF1200421FA04F411FA0CF118BF012176
:1005900021430843A3EB0C01CB1D4FEA00614FEA56
:1005A000102042BF002010BC704700EBC350104425
:1005B0000029A4BF10BC7047401C490008BF20F0B0
:1005C000010010BC704710B5141E73F1000408DA66
:1005D000401C41F1000192185B411A4301D120F007
:1005E000010010BD2DE9F04D92469B4611B1B1FAC4
:1005F00081F202E0B0FA80F220329046FFF77BFFF2
:1006000004460F4640EA0A0041EA0B0153465A46A7
:10061000084313D0114653EA010019D0C8F1400233
:100620005046FFF777FF05460E465046594642466C
:10063000FFF761FF084305D0012004E0204639465A
:10064000BDE8F08D0020054346EAE0762C433743B1
:100650000A986305E40AA0EB08000022FD0A44EAB8
:1006600047540A3002D500200146E9E70105101978
:100670006941DDE9084500196941BDE8F04DA2E78F
:100680002DE9F04D81EA030404F0004B21F0004510
:1006900014464FF0000A23F0004150EA050220D032
:1006A00054EA01021DD0C5F30A570246C5F31303ED
:1006B000C1F31300C1F30A5640F4801543F48013CC
:1006C000A7EB0608101BD64608F2FD3873EB0500B1
:1006D00002D308F1010801E092185B41B8F1000F64
:1006E00003DA00200146BDE8F08D00204FF48011B0
:1006F000064684460EE0171B73EB050705D3121B55
:1007000063EB050306434CEA010C49084FEA30004D
:1007100092185B4150EA0107EDD152EA030012D072
:1007200082EA040083EA0501084305D0101BAB41AF
:1007300006D20122002306E000224FF0004302E02F
:100740006FF0010253101AEB06004CEB085110EB4E
:100750000A0041EB0B01BDE8F04DFFF734BF00008C
:10076000064C074D06E0E06840F0010394E80700FE
:1007700098471034AC42F6D3FFF70AFD58CD000875
:1007800078CD00082DE9F04D00231A461B1A8A4146
:1007900003DB00200146BDE8F08DC1F30A52C1F32E
:1007A000130141F480154FF0000BD10702D100185E
:1007B0006D41521E0027044640F2FF11384601EBFE
:1007C000620A3E468046024600204FF48011FFF741
:1007D000A1FEC2197141BB1846EB0100B4EB030C3A
:1007E00075EB000C04D3E41A65EB000517460E46C2
:1007F000241908F101006D4180463428E3DDF91920
:1008000046EB0600091BA84103D24FF0FF32134606
:1008100001E0002213461BEB070046EB0A51BDE83E
:10082000F04DFFF7D0BE70B58C1810F8015B15F0D5
:10083000070301D110F8013B2A1106D110F8012B52
:1008400003E010F8016B01F8016B5B1EF9D12B0777
:1008500005D40023521E0DD401F8013BFAE710F82D
:10086000013BCB1A921C03E013F8015B01F8015B1A
:10087000521EF9D5A142D8D3002070BD10B5014653
:1008800008A0FFF7E2FC00280AD109480949C0780E
:1008900031F8100008490880BDE8104000F07ABC2B
:1008A00010BD00004C43445F425F636F6C6F720089
:1008B000CD0500203C0000203000002010B504468B
:1008C00001460CA0FFF7C1FC002811D10C480D49CE
:1008D00004220078096800EB800001EBC0000A499F
:1008E000007B00F011FE2046BDE81040FFF7C6BFB8
:1008F00010BD00004C43445F425F636F6C6F720039
:100900002D00002034000020CD05002010B5044645
:1009100001460CA0FFF799FC002811D10D480E49A3
:1009200004220078096800EB800001EBC0000B494D
:10093000007B00F0E9FD2046BDE8104000F044B81F
:1009400010BD00004C43445F4272696768746E6575
:10095000737300002D00002034000020CD0500201E
:10096000FEE700003EB54FF478458C23AA225F21B4
:100970004B20009504F0BEF8002418200095CDE926
:1009800001044FF6FF730CA26721572004F0ABFC63
:100990004FF47A7000F0EDFA09488C23AA220088FF
:1009A00000905F214B2004F0A5F806480470BDE8D4
:1009B0003E4000F0EFBB000043616E636C650000D9
:1009C000300000202C00002010B5014605A0FFF7E4
:1009D0003CFC002804D1084906480968C0788863AF
:1009E00010BD00004C43445F4272696768746E65D5
:1009F00073730000CD050020641B00202DE9FE4F1D
:100A0000FE4CFF4D04222078296800EB800001EBAA
:100A1000C000FC49007B00F077FD0027F94EBB4683
:100A200045F258494FF0180A0421F74801F01CF923
:100A300000285CD121782A6801EB810102EBC10119
:100A4000F0780A69904202D186F803B001E0401CB8
:100A5000F0708868FFF712FF2078296800EB8000AB
:100A600001EBC0008068FFF7AFFFCDF80090D5F82C
:100A7000008094F800C0B8F82600CCEB0C110AEB0B
:100A80004102024400EB410081B20CEB8C0008EB08
:100A9000C00093B2808CE62204F02CF88DE8000EA2
:100AA00020782A68C0EB001300EB8000D18C02EBA9
:100AB000C00001EB4301438C826889B2808C04F052
:100AC00012FC2078D5F800C000EB80030CEBC303C8
:100AD000C0EB00105B8C8DE80806BCF82610F2789D
:100AE00001EB400081B20323C32004F0BDFB0821C9
:100AF000C54801F0B9F8E0BBF078002867D0401E87
:100B0000F0702078296800EB800001EBC00080685D
:100B1000FFF7B4FE2078296800EB800001EBC000ED
:100B20008068FFF751FFCDF80090D5F8008094F869
:100B300000C0B8F82600CCEB0C110AEB41020244CD
:100B400000EB410081B20CEB8C0008EBC00093B2CB
:100B5000808CE62203F0CEFF8DE8000E2A68207814
:100B6000D18CC0EB001301EB430189B200EB800094
:100B700000E01CE002EBC000438C8268808C04F033
:100B8000B2FB2078D5F800C000EB80030CEBC30368
:100B9000C0EB00105B8C8DE80806BCF82610F278DC
:100BA00001EB400081B20323C32004F05DFBDFF8BA
:100BB0005C824FF48051404601F056F878B14FF412
:100BC0000051404601F050F8012872D072E02078C0
:100BD000296800EB800001EBC000007C90E72078E2
:100BE000296800EB800001EBC0008068FFF766FE1B
:100BF0002078296800EB800001EBC0008068FFF7D7
:100C000085FEDFF80C825746B8F800000090207887
:100C10002A68C0EB001C0AEB4C03D18C00EB80006F
:100C20000B4402EBC00001EB4C019BB289B2808CFB
:100C3000E62203F05FFF2078296800EB800001EBDB
:100C4000C0000422007B6F4900F05EFC2078296818
:100C500000EB800301EBC303B8F800205B8CCDE907
:100C600000320297C98CC0EB001001EB400081B24A
:100C7000F2780323C32004F0F7FAB8F80000CDE9B6
:100C80000007CDF808B020782A68C0EB001300EB0D
:100C90008000D18C02EBC00001EB4301438C8268E1
:100CA0005E4689B2808C04F01EFB5A480670C0E094
:100CB000FFE701274FF40051404600F0D5FF08B987
:100CC000012F03D0642000F054F9ADE620782968A4
:100CD00000EB800001EBC0000422007B494900F0DA
:100CE0003DFC01287DD04FF448788C23AA225F2157
:100CF0004620CDF8008003F0FDFECDE9008A57467E
:100D00004FF6FF7344A267214E20CDF808B004F0DF
:100D1000EAFA40F2DC5000F02CF9DFF8F4808C2382
:100D2000AA22B8F8000000905F21462003F0E2FEFE
:100D3000B8F80000009020782A68C0EB001C07EB90
:100D40004C03D18C00EB80000B4402EBC00001EBA4
:100D50004C019BB289B2808CE62203F0CBFE207856
:100D6000296800EB800001EBC0000422007B2549CC
:100D700000F0CAFB2078296800EB800301EBC30375
:100D8000B8F800205B8CCDE900320297C98CC0EB2B
:100D9000001001EB400081B2F2780323C32004F07D
:100DA00063FAB8F800108DE8820820782A68C0EB52
:100DB000001300EB8000D18C02EBC00001EB43017B
:100DC000438C826889B2808C04F08DFA207829687F
:100DD00000EB800001EBC0008068FFF74FFD20783A
:100DE00000E02AE0296800EB800001EBC000806889
:100DF000FFF7EAFD207800EB800011E02D000020D5
:100E000034000020CD05002000080240000402400C
:100E1000300000202C00002053756363657373005D
:100E2000296801EBC000806804F0C6FF1F4981F803
:100E300000B0BDE8FE4F00F0ADB91D4E8C23AA22D4
:100E4000308800905F21462003F054FE30880090E7
:100E500020782A68C0EB00110AEB4103D68C00EB26
:100E6000800002EBC000334406EB41019BB289B223
:100E7000808CE62203F03EFE00F02EFC0B48FC21A5
:100E800001702078296800EB800001EBC0008068C9
:100E9000FFF714FD2078296800EB800001EBC0000B
:100EA0008068BDE8FE4FFFF731BD00002C00002038
:100EB00030000020014800F05DBC0000A41D0020AF
:100EC000014800F057BC00004C1E002001681823A8
:100ED000CAB2103AB2FBF3F2054B6FF30901032AD1
:100EE0009B5CC36500D9091D8165084670470000F9
:100EF0002ACB000810B5014600208B698A6A4FF0A2
:100F0000C07453B1B3F5005F15D072B1012A0CD093
:100F1000022A0AD0032A09D104E01AB1012A06D014
:100F2000022A03D1C96AC90100D5012010BDC96ACE
:100F3000A142FAD010BD002AF7D0012AF2D0022A2D
:100F4000F3D0032AF3D010BD30B50468256825F42A
:100F500080252560046863608368402B036803D0A4
:100F600099600068C26030BD9A600068C16030BDA1
:100F7000704700B502464FF47A7302E0184600F05D
:100F800003F8521EFAD200BDA82148430521B0FB48
:100F9000F1F000E000BF401EFCD270472DE9FE4F8B
:100FA0005C4E4FF400584146304600F05DFE5A4C0E
:100FB0004FF0000A182588BB47463946304600F0F6
:100FC00053FE0028F9D02088DFF850910090544F4C
:100FD000D9F800003978C08CC1EB011105EB410252
:100FE000024400EB410093B281B2E622002003F0FC
:100FF00081FD21888DE822043878D9F80020C0EBE3
:10100000001300EB8000D18C02EBC00001EB430128
:10101000438C826889B2462003F0FEFE2088F023CC
:10102000002100901A46084603F064FD20885746C8
:101030008DE8A1004FF6FF794B463AA200212D2002
:1010400003F0EAFE20884B468DE8A10039A21E215C
:101050005D2003F0E1FE20884B468DE8A10037A219
:101060003C21512003F0D8FE20884B468DE8A1009A
:1010700034A25A21512003F0CFFE20884B468DE840
:10108000A10032A27821412003F0C6FE20884B4601
:101090008DE8A10030A29621002003F0BDFE20883B
:1010A0004B468DE8A10032A2B421002003F0B4FE2B
:1010B00020884B468DE8A10030A2D221002003F009
:1010C000ABFE20884B468DE8A1002FA2D221AF2095
:1010D00004F009F92E4C4546A7140421204600F0DF
:1010E000C3FD012811D10821204600F0BDFD0128D3
:1010F0000BD12946304600F0B7FD012805D139460D
:10110000304600F0B1FD0128E7D0BDE8FE4F00F009
:1011100041B80000000402403000002034000020EC
:101120002D000020BFAAB7A2C8CBD4B1C3FBB5A580
:1011300000000000BEB0C0D900000000D0ECC5E047
:10114000D4AD0000D0ECC6EBD6CE0000CCD8B1F0C8
:10115000C3F9D0BB00000000D0ECC5E0D4ADB6D4DC
:10116000D0A1B3B5B2CECAFDB5F7CAD40000000015
:10117000D7F6B3F6B5C4B9B1CFD70000B9CCBCFE31
:10118000B0E6B1BE00000000312E332E3800000062
:10119000000802402DE9FF47584E45F25849307883
:1011A000FD2801D0FC280FD1B088F0230021009049
:1011B0001A46084603F09EFC00213223F02208461E
:1011C000CDF8009003F096FCB26800241078062851
:1011D00001D9062100E001468846717800250629DC
:1011E00001D2814209D3FF2901D1411E7170C9B2D8
:1011F000814201D2062900D37570506800F080F852
:10120000B068182790F8200058B3AA46012871D07A
:10121000BDE8FF87B26804EB840002EBC000C18C1C
:1012200021B17278944211D14A4610E071788C4213
:1012300001D1494600E0B188CDE900170295D18C73
:10124000C4EB041201EB420189B203E0B288CDE99C
:1012500000270295438C8268808C03F0DDFD641CBE
:10126000E4B24445D6D3D3E7B26804EB840502EB7D
:10127000C500C18C21B17278944210D14A460FE06A
:1012800071788C4201D1494600E0B1888DE8820432
:10129000D18CC4EB041201EB420189B202E0B288A6
:1012A0008DE88404438C8268808C04F01CF8B0685C
:1012B00000EBC500017B65291AD0662918D0C8B299
:1012C000042203A900F020F9B068B18800EBC50240
:1012D0000323528CCDE900210297C08CC4EB04118A
:1012E00000EB410081B29DF80F20C32003F0BCFF4A
:1012F000641CE4B24445B7D38AE700002C00002008
:101300003EB50024202345F258418DE81A000246DC
:101310004FF6FF730A21322003F07EFD3EBD000030
:10132000FEB500F059F94FF478448C23AA225F21CE
:101330004B20009403F0DEFB002018210094CDE93F
:1013400001104FF6FF7315A26721572003F0CBFF62
:10135000144D00244FF40056AF143146284600F0D7
:1013600083FC012800D101243146284600F07CFC92
:1013700008B9012C08D03946284600F075FC48B160
:101380000A20FFF7F6FDE8E700F070F9BDE8FE403F
:1013900004F066BEBDE8FE40FFF7E4BA526573751F
:1013A000726500000004024008B500F015F9002045
:1013B0008DF800006946FE2000F092F89DF80000CC
:1013C000122807D0002804D104F0A8FC48B100F08E
:1013D00083F908BD04F088FC0028F8D105F0EEF987
:1013E00008BD03F0D7FF08BD2DE9F041C4B000F0FF
:1013F000F3F84FF480584346332227A1334802F0D4
:1014000061FD012840D045F258448C23AA225F2177
:101410004620009403F06EFB1826CDE90046002517
:101420004FF6FF773B462AA267214E20029503F034
:101430005AFF6423012243A92448439502F0EAFCA1
:101440009DF80C01592801D079281DD18C23AA229E
:101450005F214620009403F04DFBCDE900463B465A
:101460001DA267214E20029503F03DFF4FF48074CA
:10147000224603A9002000F047F84346224603A96C
:10148000124802F01FFD20B100F026F944B0BDE87B
:10149000F08104F0E5FDF9E7626175645F726174E3
:1014A000655F3131353230302C66726F6D5F307868
:1014B00030305F746F5F307866662C73656E6427BA
:1014C0005927746F5F76657269667900041E002083
:1014D00057616974696E670053656E64696E670071
:1014E0003EB54FF47A7300910124CDE901430246E1
:1014F0002346A121034800F08BFC002800D00120E6
:101500003EBD0000D01900200EB54FF47A738DE86F
:101510000E0002460123A121034800F079FC0028B7
:1015200000D001200EBD0000D019002013B584B0FA
:101530004FF47A74012305A98DE81A000246A02110
:10154000054800F067FD10B1012006B010BD052070
:10155000FFF70FFD0020F8E7D01900202DE9F0413A
:1015600015460E460746002409E03819315D80B261
:10157000FFF7DCFF10B10120BDE8F081641CAC4234
:10158000F3DB0020F8E7000010B5064801F0D8FDB5
:101590004FF4805000F074FABDE810404FF4005052
:1015A00000F06EBACC1C002010B5044801F0C8FD54
:1015B000BDE81040042000F063BA0000CC1C0020FD
:1015C00010B5044801F0BCFDBDE81040082000F053
:1015D00057BA0000CC1C0020FEB5204C4FF400553B
:1015E0002946204600F040FB002835D129462046F8
:1015F00000F03AFB0028F9D0194C1B4E194D2088F9
:10160000009030782A68C0EB001C1827D18C07EBBB
:101610004C030B4400EB800002EBC00001EB4C01DB
:101620009BB289B2808CE62203F064FA2188002004
:101630000091CDE9017030782A68C0EB001300EB0F
:101640008000D18C02EBC00001EB4301438C826827
:1016500089B2808C03F047FEFEBD0000000402400A
:1016600030000020340000202D00002070B5002242
:101670004FF48071064800F0FCFA00252C46A0B219
:101680002946FFF753FF641CFF2CF8DD70BD0000F6
:10169000000802400EB572B603F062FA4FF47844C7
:1016A000F02300211A460846009403F023FA002094
:1016B00020210094CDE901104FF6FF7302A20146EC
:1016C00003F011FEFEE700004552524F525F4841C1
:1016D0004E444C45520000003EB54FF478458C23F3
:1016E000AA225F214B20009503F004FA0024182061
:1016F0000095CDE901044FF6FF730CA26721572036
:1017000003F0F1FD4FF47A70FFF733FC09488C23A6
:10171000AA22008800905F214B2003F0EBF90648D5
:101720000470BDE83E40FFF735BD00004661696CBE
:1017300065640000300000202C00002010B1024839
:10174000006870470148FBE72800002024000020C3
:1017500090F83510022903D080214165012070479F
:10176000052180F835100068016821F00101016051
:10177000002070472DE9F84304464FF00009CDF8EA
:10178000009063484FF41651A56D0068B0FBF1F767
:101790002E6894F85C20082101FA02F030420FD044
:1017A0002068026852070BD5026822F0040202602A
:1017B00094F85C008140A960606D40F001006065B4
:1017C00094F85C104FF0010808FA01F0304208D09C
:1017D00021684969090604D5A860606D40F00200DF
:1017E000606594F85C1004208840304208D021687D
:1017F0000968890704D5A860606D40F00400606541
:1018000094F85C1010208840304218D02168096894
:10181000090714D5A86020680168490304D5006849
:10182000000308D5A16C07E00168C90503D401686D
:1018300021F008010160216C09B12046884794F825
:101840005C1020208840304231D021680968C906E8
:101850002DD5A86094F8350005282068016806D0C9
:10186000490347D5006800031DD4616C1CE021F0DA
:10187000160101602068416921F080014161206CFE
:1018800008B9A06C20B12068016821F0080101604E
:1018900094F85C103F208840A86084F8358084F874
:1018A0003490216D1FE0E16B09B120468847606DDF
:1018B00000282BD0606DC00714D0052084F83500B7
:1018C0002068016821F0010101600098401C00902F
:1018D000B84203D820680068C007F6D184F8358084
:1018E00084F83490E16C002910D001B02046BDE8A6
:1018F000F04308470168C905D5D4016821F01001FB
:10190000016084F8358084F83490CCE7BDE8F88332
:10191000340600202DE9F041044600F0AFF90546F9
:101920005CB1022084F83500002684F83460206819
:10193000016821F0010101600DE00120BDE8F081A6
:1019400000F09CF9401B052805D920206065032084
:1019500084F83500F2E720680068C007F0D12168FC
:101960000A6820480240D4E901031843D4E903354A
:101970002B43184363691843A3691843E369184369
:10198000236A18431043626A042A03D1D4E90B2363
:101990001A431043086020684069656A20F0070117
:1019A00028460D43012704280CD1A06A0543E06AAC
:1019B00040B12046FFF79EFA20B14020606584F8D0
:1019C0003570BAE7206845612046FFF77FFA94F842
:1019D0005C203F2191408160666584F8357000206D
:1019E000ACE700003F8010F02DE9F0410446866D21
:1019F00090F83400002501280DD0012084F834002F
:101A000094F835700020012F07D084F834000225A7
:101A10002846BDE8F0810220FBE7022784F83570F4
:101A200060652046FFF790FA94F85C103F208840EC
:101A3000B0602068016841F016010160206C20B19F
:101A40002068016841F0080101602068016841F0E8
:101A500001010160DCE7000070B5044600F00EF9FA
:101A60000546601C02D004480078044400F006F9E2
:101A7000401BA042FAD370BD28060020704700002A
:101A8000044910B50A68024202D00860FFF7F6FF69
:101A900010BD0000143C01402DE9F84FDFF89C9187
:101AA0000022A9F1040B03274FF00F0C09F1040ADF
:101AB000ABF1040E01250B6895402B40AB426ED173
:101AC0000C7904F00304012C01D0022C15D1866896
:101AD000540007FA04F826EA0806D1F80C8008FA40
:101AE00004F848EA0608C0F808804468AC430D7959
:101AF000C5F300159540254345600C79E443A407E0
:101B000008D0C568540007FA04F6B5438E68A640AD
:101B10002E43C6600C7904F00304022C11D1D408C2
:101B200000EB8406356A5407E40E0CFA04F825EA43
:101B30000805D1F8108008FA04F848EA0508C6F844
:101B400020800568540007FA04F6B5430E7906F0C4
:101B50000306A6402E4306604C6814F4403F66D04E
:101B6000374C256845F480452560246822F003053C
:101B700004F480440094334C05EB0408D8F808586A
:101B80009407260F0CFA06F4A5432F4CA04201D16E
:101B9000002424E02D4CA04202D101241FE046E0A5
:101BA0002B4CA04201D1022419E02A4CA04201D1C1
:101BB000032414E0284CA04201D104240FE0274C58
:101BC000A04201D105240AE0254CA04201D10624FF
:101BD00005E0244CA04201D1072400E00824B440D1
:101BE0002C43C8F80848D9F800404D464E689C433D
:101BF000F60200D51C432C60DAF8004055464E68CA
:101C00009C43B60200D51C432C60DBF800405D46C7
:101C10004E689C43B60300D51C432C60DEF80040A0
:101C200075464E689C43F60300D51C432C60521C3D
:101C3000102AFFF43FAFBDE8F88F0000083C0140D8
:101C400044380240003001400000024000040240DD
:101C500000080240000C0240001002400014024044
:101C600000180240001C02400069084000D001201A
:101C700070470AB1816170470904FBE70148806839
:101C8000704700002806002070B5040025D094F8A5
:101C90003D00002520B984F83C50204600F052FA5F
:101CA000242084F83D002068016821F001010160D2
:101CB0002068016841F4004101602068016821F456
:101CC0000041016000F0B8FB4D4B6168994201D8BA
:101CD0004C4900E04C49884201D2012070BD4B497B
:101CE0002268B0FBF1F1566826F03F060E435660BD
:101CF00062689A4206D94FF4967251434FF47A7251
:101D0000B1FBF2F12268491C166A26F03F06314306
:101D100011626168994210D84900401EB0FBF1F28F
:101D2000521CC2F30B02042A01D2042022E0B0FBB1
:101D3000F1F0401CC0F30B001CE0A268F2B301EB11
:101D4000C10303EB0116431EB3FBF6F35B1C43F424
:101D500080431B0549D092B301EBC10202EB011194
:101D6000401EB0FBF1F0401CC0F30B0040F480407B
:101D700040F400402168CA694CF6FF739A4310434F
:101D8000C861D4E9071001432068026822F0C0024C
:101D900011430160D4E9030101432068826848F2DD
:101DA000FF339A4311438160D4E905100143206851
:101DB000C26822F0FF021143C16001E00EE016E0AC
:101DC0002068016841F0010101602564202084F849
:101DD0003D00256384F83E50002070BD01EB4106B4
:101DE000431EB3FBF6F35B1CB3E70120C2E701EB34
:101DF0004101401EB0FBF1F0401CC0F30B00B7E7FF
:101E0000A086010080841E0000093D0040420F00B2
:101E10002DE9FF4F83B09A46DDE9118793460446CA
:101E2000DDF84090FFF72AFF054694F83D00202892
:101E300070D11923012274492046009502F0A7F9B8
:101E40000028F5D194F83C00012863D0012084F8E3
:101E50003C0020680168C90703D1016841F0010115
:101E600001602068016821F400610160222084F88B
:101E70003D00402084F83E0000262664C4F82490EB
:101E8000A4F82A80608D20856048E062CDE9007565
:101E900053465A462046049902F07CF8002879D12E
:101EA000208DD0B1012821D00228206824D041699A
:101EB00080690090208D032866D801282BD05449D2
:101EC00002283B464FF00002009557D08846204636
:101ED00002F05DF900285DD13AE02068416981692E
:101EE0000091016841F4007101607DE020680168A3
:101EF00021F480610160F0E7016821F480610160F4
:101F00002068016841F400610160206841698069CE
:101F1000009069E075E02A463946204602F0D8F97B
:101F200088BB54E02068016841F4007101602068BA
:101F30000069616A0870606A401C6062218D491EF8
:101F40002185618D491E618521680969017042E022
:101F50002068016821F48061016020680069616A7D
:101F60000870606A401C6062208D401E2085608D74
:101F7000401E60853B46002241460095204602F007
:101F800006F900B9CEE705E02A463946204602F0B8
:101F90009FF918B1012007B0BDE8F08F20680069F3
:101FA000616A0870606A401C6062208D401E81B2C8
:101FB0002185608D401E608520684269D2435207AA
:101FC00012D4032903D1016821F4806101602068E3
:101FD0000069616A0870606A401C6062208D401E62
:101FE0002085608D401E6085208D00287FF462AFC3
:101FF000202084F83D0084F83E6084F83C60002096
:10200000C9E70220C7E70000020010000000FFFF40
:10201000040001002DE9FF4F83B09A46DDE91197D6
:1020200093460446DDF84080FFF728FE054694F805
:102030003D0020287FD119230122404920460095E8
:1020400002F0A5F8002876D194F83C00012872D05F
:10205000012084F83C0020680168C90703D10168A9
:1020600041F0010101602068016821F40061016014
:10207000212084F83D00402084F83E00002626649C
:10208000C4F82480A4F82A90608D20852C48E06252
:10209000CDE9007553465A462046049901F0F8FFF1
:1020A00070B930E02A463946204602F04BF958B163
:1020B000206C042804D12068016841F4007101609B
:1020C000012007B0BDE8F08F606A216800780861E0
:1020D000626A521C6262208D401E80B22085618D32
:1020E000491E618521684B69DB435B070BD468B1EE
:1020F00010780861606A401C6062208D401E208557
:10210000608D401E6085208D0028CBD12A4639463F
:10211000204602F011F80028CAD154F83D0B01689E
:1021200041F400710160202004F81E09E67766770B
:102130000020C6E7FFE70220C3E70000020010000E
:102140000000FFFFF0B587B0044614216846FEF793
:1021500071F81B49206888422FD11A48016841F064
:1021600004010160016801F004010591016841F07A
:10217000010101600068042400F0010005904FF4A3
:10218000007012250126032704948DE8E1006946BA
:102190000D48FFF781FCA00104948DE8E100694639
:1021A0000A48FFF779FC07481030016841F4000144
:1021B0000160006800F40000059007B0F0BD000069
:1021C000005C00403038024000080240000002403D
:1021D0000248816802781144816070472806002017
:1021E0000B4810B5016841F400710160016841F4C9
:1021F00080610160016841F480710160032000F09A
:102200006FF80F2000F006F800F024F8002010BD51
:10221000003C024070B50D4D04464FF47A712878A9
:10222000B1FBF0F00A490968B1FBF0F000F004FEE0
:1022300048B9102C07D200222146501E00F030F879
:1022400000206C6070BD012070BD000028060020D9
:10225000340600200A4808B5016841F48041016055
:10226000006800F4804000900548001F016841F0BC
:1022700080510160006800F08050009008BD0000AF
:1022800044380240002809DB00F01F020121914080
:102290004009800000F1E020C0F800117047000004
:1022A000F0B40E4B1B68C3F30223C3F10704042CE4
:1022B00000D904241D1D072D01D2002300E0DB1EE0
:1022C000012606FA04F56D1E0D409D409E40761EC7
:1022D000164045EA0601F0BC04F031BB0CED00E00D
:1022E000064A00F0070110684FF6FF03184040EA65
:1022F0000120034908431060704700000CED00E026
:102300000000FA052DE9F0470D46040065D0DFF81E
:102310001491D9F80000EFB200F00700A84207D2EC
:1023200089F80070D9F8000000F00700A84254D1E5
:1023300020683D4E810712D5400703D5306840F430
:10234000E05030602078000703D5306840F46040EA
:1023500030603068A16820F0F000084330602078D9
:10236000C0072DD0304960680839012812D00228F2
:1023700013D0032811D00968890700292DDA3168A4
:1023800021F0030101433160FFF778FC804641F200
:10239000883A0EE009688903EFE709688901ECE7EC
:1023A000FFF76CFCA0EB0801514502D90320BDE802
:1023B000F0873068616800F00C00B0EB810FEFD15E
:1023C000D9F80010484601F00701A94207D9077063
:1023D000006800F00700A84201D00120E7E720785C
:1023E000400705D53068E16820F4E05008433060CC
:1023F0002078000706D53068216920F4604040EA63
:10240000C100306000F038F83168084AC1F30311A8
:10241000515CC8400649086006480068FFF7FAFEAC
:102420000020C4E7003C02400838024032CB0008DC
:10243000340600202C06002004480549006809687D
:10244000044AC1F38221515CC84070473406002021
:102450000838024042CB0008044805490068096872
:10246000044AC1F34231515CC84070473406002031
:102470000838024042CB0008154810B5006810F03B
:102480000C01144813D0431004290FD008290ED191
:102490000F4C241F216801F03F022168490207D533
:1024A0002068C0F38810A0FB030106E0184610BDA9
:1024B0002168C1F38811A1FB00010023FDF782FE12
:1024C0002168C1F30141491C4900B0FBF1F010BD86
:1024D000083802400024F4002DE9F84F040075D0BC
:1024E0002078DFF838A3C007AAF1040548D00AF124
:1024F00004000168C1F38101012908D00068C0F31C
:10250000810002280AD1DAF80000400206D52868C6
:10251000800335D560680028E1D031E06068B0F50F
:10252000803F10D0B0F5A02F286810D020F4803064
:102530002860286820F4802028606068A0B1FFF738
:102540009DFB06460CE0286840F48030F4E740F438
:1025500080202860F7E7FFF791FB801B642871D883
:1025600028688003F7D50BE0FFF788FB064604E0F8
:10257000FFF784FB801B6428F1D828688003F7D418
:102580002078DFF89C9280074FF0000B3DD5A348E0
:10259000001D016811F00C0F08D00068C0F3810025
:1025A00002280AD1DAF80000400206D42868800721
:1025B00015D5E068012809D111E0E068B8B1012023
:1025C000C9F80000FFF75AFB064605E022E1FFF7D5
:1025D00055FB801B0228C2D828688007F7D52868D9
:1025E000216920F0F80040EAC10028600DE0C9F838
:1025F00000B0FFF743FB064604E0FFF73FFB801BFC
:1026000002281FD828688007F7D42078000722D531
:10261000824F84486169703771B101210160FFF711
:102620002DFB064604E0FFF729FB801B022809D892
:1026300038688007F7D50EE0C0F800B0FFF71EFB42
:10264000064605E082E0FFF719FB801B02287DD8D3
:1026500038688007F7D42078400765D56F484FF079
:1026600000083C300068C0000BD46C483C30016866
:1026700041F08051016000684FF0010800F0805087
:102680000090694F3868C0050FD4386840F48070F6
:102690003860FFF7F3FA064604E0FFF7EFFA801B15
:1026A000022853D83868C005F7D55C4FA0686C374E
:1026B00001280FD00528386810D020F001003860BC
:1026C000386820F004003860A068B0B1FFF7D6FA8F
:1026D00006460EE0386840F00100F4E740F00400E0
:1026E0003860F7E7FFF7CAFA811B41F28830814270
:1026F00063D838688007F5D50DE0FFF7BFFA0646C6
:1027000006E0FFF7BBFA811B41F28830814254D8C2
:1027100038688007F5D4B8F1000F05D03F483C3049
:10272000016821F080510160A069B8B33B49091DDF
:102730000968C1F38101022946D00228584606D013
:10274000C9F86000FFF79AFA044639E035E04F46D1
:10275000C9F86000FFF792FA064604E0FFF78EFA28
:10276000801B022829D828688001F7D4D4E9070102
:102770000843A16A2D4A490802EB0141626A41EA15
:102780008211084394F82C1040EA0161CAF8001045
:1027900001203866FFF772FA044605E03CE0FFF7D7
:1027A0006DFA001B022808D828688001F7D533E0AD
:1027B000FFF764FA001B022802D90320BDE8F88F56
:1027C00028688001F4D427E00128F7D0DAF8000067
:1027D000E26900F4800191421CD1226A00F03F01BD
:1027E000914217D147F6C071626A0140B1EB821F76
:1027F00010D1A26A4FF0FF3300F4403103EB5202D4
:10280000B1EB024F06D194F82C1000F07060B0EBE1
:10281000016F01D00120D1E70020CFE7043802404A
:1028200000004742800E4742007000400000FFFF5A
:1028300070B5040009D0606A002540B1256165616A
:10284000A56294F8510040B10CE0012070BD6068B1
:10285000B0F5827FF4D0E561F2E784F8505020466D
:1028600000F044F8022084F851002068016821F04B
:1028700040010160A088218900F4827001F40441C4
:102880000843A18901F400610843217C01F00201A1
:102890000843217D01F001010843218B01F40071FF
:1028A0000843217F01F03801084394F8201001F01B
:1028B00080010843218D01F400510843216808601C
:1028C000A069042101EA104094F8241001F01001DD
:1028D0000843216848602068C16921F40061C16132
:1028E0006565012084F85100002070BD30B587B0C7
:1028F000044614216846FDF79DFC224D2068002403
:10290000214902220323A8421AD11F481430056826
:1029100045F480550560006800F480500590086813
:1029200040F0010008600868694600F00100059069
:10293000E0208DE815000520CDE9033013481DE0A7
:10294000134DA8421CD110481030056845F40045CD
:102950000560006800F400400590086840F004003D
:1029600008600868694600F0040005904FF4A05024
:102970008DE815000620CDE903300648FFF78CF8F6
:1029800007B030BD00300140303802400000024046
:10299000003C0040000802402DE9F84F044690F842
:1029A00051001D461746884601283AD160684FF00D
:1029B0000409B0F5827F01D1A06840B3FFF75EF94A
:1029C0000646B8F1000F74D0002F72D094F8500072
:1029D000012826D04FF0010A84F850A084F85190C5
:1029E0004FF00009C4F85490C4F83880A787E787EF
:1029F000C4F83090A4F83490A4F83690C4F840900D
:102A0000C4F84490A068B0F5004F0CD015E084F8ED
:102A10005190009313460A46204600F01AF9BDE88B
:102A2000F88F0220FBE72068016821F04001016077
:102A30002068016821F4804101602068016849062E
:102A400003D4016841F040010160E068B8B132E0B0
:102A500020688168C90709D0007BA16B0870A06B52
:102A6000401CA063E08F401EE08708E0FFF706F9F6
:102A7000801BA84202D3681C01D031E07DB3E08FF7
:102A80000028E5D11AE020688168C90709D0C0682C
:102A9000A16B0880A06B801CA063E08F401EE087C4
:102AA00009E0FFF7EBF8801BA84203D3681C02D0B3
:102AB00016E012E09DB1E08F0028E4D132462946AD
:102AC000204603F00BFA08B12020606584F851A07D
:102AD00084F85090606D0028A1D001209FE7FFE7A7
:102AE00084F851A084F85090032098E72DE9F84F1E
:102AF0001D4617468A460446FFF7C0F8064694F876
:102B00005100012826D1BAF1000F77D0002F75D0DF
:102B100094F8500001281DD04FF0010984F850901E
:102B2000032084F851004FF00008C4F85480C4F822
:102B300030A0A786E786C4F83880A4F83C80A4F8C3
:102B40003E80C4F84480C4F84080A068B0F5004FCF
:102B500003D00CE00220BDE8F88F2068016821F066
:102B6000400101602068016841F4804101602068F3
:102B70000168490603D4016841F040010160E06842
:102B8000B0F5006F606803D028B3012F23D03FE079
:102B900008B1012F1BD1206B21680088C86006E0B6
:102BA00020688168890709D5216B0988C160206B7D
:102BB000801C2063E08E401EE08608E0FFF75EF890
:102BC000801BA84202D3681C01D02FE075B3E08EB1
:102BD0000028E5D11FE0206B21680078087306E02B
:102BE0002068816889070AD5216B09780173206BF9
:102BF000401C2063E08E401EE08609E027E0FFF7DE
:102C00003DF8801BA84202D3681C01D00EE06DB1D4
:102C1000E08E0028E4D132462946204603F08CF9A4
:102C200008B120206065A06830B109E084F85190B7
:102C300084F8508003208EE72068C1688068009087
:102C400084F8519084F85080606D002883D0012072
:102C500081E72DE9FF4F81B01F46934604460125C9
:102C60000E9EFFF70BF8804694F85100616801282A
:102C700006D0B1F5827F3CD1A168C9BB042838D108
:102C80000298002870D0BBF1000FFBD0002FF9D0C4
:102C900094F8500001282CD04FF0010A84F850A07D
:102CA00094F85100042802D0052084F851004FF018
:102CB0000009C4F85490C4F838B0E787A787029990
:102CC0002163E786A786C4F84090C4F84490206842
:102CD0000168490603D4016841F040010160E068E1
:102CE000B0F5006F606808D0E8B3012F47D07DE0F1
:102CF000FFE7022005B0BDE8F08F08B1012F37D102
:102D0000206B21680088C860206B801C2063E08EE7
:102D1000401EE0862CE02068816889070DD5E18E91
:102D200059B1012D09D1216B0988C160206B801C2C
:102D30002063E08E401EE086002520688168C90778
:102D40000BD0E18F49B1C068A16B0880A06B801CDB
:102D5000A063E08F401EE0870125FEF78FFFA0EB08
:102D60000800B04201E00AE064E001D3701C4ED1DB
:102D7000E08E0028CFD1E08F0028CCD13CE0206B42
:102D8000216800780873206B401C2063E08E401E91
:102D9000E0862BE02068816889070DD5E18E59B166
:102DA000012D09D1216B09780173206B401C206330
:102DB000E08E401EE086002520688168C9070BD0A0
:102DC000E18F49B1C068A16B0870A06B401CA06383
:102DD000E08F401EE0870125FEF750FFA0EB0800C2
:102DE000B04202D3701C01D011E086B1E08E002801
:102DF000D0D1E08F0028CDD142463146204603F0A5
:102E00009BF850B12020606584F8509012E084F85F
:102E100051A084F8509003206CE7A06818B920688E
:102E2000C1688068009084F851A084F85090606D6B
:102E30000028F1D001205DE710B5401EB0F1807F81
:102E400001D3012010BD4FF0E02460610F21601715
:102E500003F075FD0020A06107202061002010BD57
:102E60007047704710B590F83C20012A22D001220B
:102E700080F83C20CA688C6822F4407222434C6877
:102E800022F4806222430C6822F4006222430C691F
:102E900022F4805222434C6922F400522243C96931
:102EA000002322F480420A4301684A6480F83C30DF
:102EB000002010BD022010BD70B590F83C20012A02
:102EC00032D0012580F83C50022280F83D20026873
:102ED0005368946823F070060B6833435360134BB8
:102EE00002689A4214D0B2F1804F11D0104B9A422E
:102EF0000ED0104B9A420BD00F4B9A4208D00F4B7A
:102F00009A4205D00E4B9A4202D00E4B9A4204D1FF
:102F1000496824F080031943916080F83D500021F6
:102F200080F83C10084670BD022070BD00000140D2
:102F30000004004000080040000C00400004014074
:102F4000004001400018004010B5040003D094F880
:102F50003D0010B107E0012010BD002084F83C00C6
:102F6000204600F01FF8022084F83D00211D206853
:102F700003F05AF9012084F8460084F83E0084F8F2
:102F80003F0084F8400084F8410084F8420084F84F
:102F9000430084F8440084F8450084F83D00002094
:102FA00010BD000038B505465B4A016800235B4848
:102FB000914218D1016841F00101016000680022CE
:102FC00000F00100009001211820FFF769F9182096
:102FD000FFF758F9002201211920FFF761F91920A4
:102FE000FFF750F98EE04D4A121FB1F1804F11D01A
:102FF0004B4B994239D1106840F0020010601068C4
:10300000002200F00200009001211D20FFF748F986
:103010001D207DE0106840F0010010601068424CF7
:1030200000F0010000903F4820604FF0C0606060F9
:103030004020C4E90203000120618000606180003B
:10304000A0618011C4E9070320466362FEF762FCB9
:1030500008B1FEF71FFBAC622C63002201211C208B
:10306000A563FFF71DF91C2052E0304B994208D1AF
:10307000106840F008001060106800F00800009030
:1030800038BD2B4B99420ED1106840F010001060F3
:103090001068002200F01000009011463620FFF763
:1030A000FFF8362034E0234A91420ED1016841F402
:1030B000803101600068002200F48030009001211E
:1030C0001820FFF7EDF8182022E01B4A91420ED19C
:1030D000016841F4003101600068002200F4003012
:1030E000009001211920FFF7DBF8192010E0134AA6
:1030F0009142C5D1016841F480210160006800F46B
:1031000080200090002211461A20FFF7C9F81A20EB
:10311000BDE83840FFF7B6B800000140443802402F
:1031200000040040A0600240A41D0020000C0040EC
:1031300000100040004001400044014000480140B0
:1031400090F83D10012901D001207047022180F83C
:103150003D100168CA6842F00102CA600068114966
:10316000884214D0B0F1804F11D00F4988420ED060
:103170000E4988420BD00E49884208D00D4988423A
:1031800005D00D49884202D00C49884204D181689B
:1031900001F00701062903D0016841F00101016037
:1031A000002070470000014000040040000800407B
:1031B000000C0040000401400040014000180040A5
:1031C0000168CA6822F00102CA6001680A6A41F215
:1031D00011131A4207D10A6A9B101A4203D10A68D6
:1031E00022F001020A60012180F83D1000207047A2
:1031F00070B5044690F83C000025012817D0012640
:1032000084F83C60022084F83D002068826822F047
:10321000770222F47F4282600868502838D00DDCA3
:1032200020284FD005DC90B3102811D14AE00220AD
:1032300070BD302846D040280AD13BE060282FD00E
:1032400070280DD0B0F5805F03D0B0F5005F12D0CC
:10325000012584F83D60002084F83C00284670BDBC
:10326000CB68D1E90121206803F0CCF8206881689F
:1032700041F0770109E0CB68D1E90121206803F032
:10328000C1F82068816841F480418160E1E719E07C
:10329000CA684968206803F089F95021206806E06F
:1032A000CA684968206803F092F96021206803F039
:1032B000B3F8CEE7CA684968206803F077F940217F
:1032C0002068F4E7226801461046F0E72DE9F04156
:1032D0000D46040003D094F83D0018B108E0012029
:1032E000BDE8F081002084F83C00204600F040F862
:1032F000022084F83D002068816844F2070291436F
:103300008160211D206802F08FFF2068816882693A
:10331000066A2B68AF690B4340F203318A4342EAE5
:103320000722A968EF6911434FF6FC429143EA680E
:1033300041EA07210A4329692F6A090141EA073155
:1033400011436A686D6926F0AA0646EA05152A4304
:1033500083602068816154F8460B0262012004F802
:103360001F09E0752076E0762077A0750020B7E78A
:1033700010B586B0044614216846FCF75BFF206850
:10338000204C002320490222A0421AD11E481030AE
:10339000046844F004040460006800F00400059030
:1033A000086840F0080008600868694600F00800F6
:1033B00005904FF440508DE80D00CDE903321348DD
:1033C0001CE0134CA0421BD10F481430046844F099
:1033D00002040460006800F002000590086840F0F4
:1033E000040008600868694600F004000590C020E9
:1033F0008DE80D000320CDE903300648FEF74CFBB5
:1034000006B010BD0008004030380240000C0240F9
:10341000000401400008024070B590F83E50044698
:1034200090F83F3090F8422090F84300022621B1F6
:1034300004290BD0012D16D10FE0012D13D1012A43
:1034400011D184F83E6084F8426016E0012B0AD165
:10345000012808D184F83F600DE0012B03D1012A37
:1034600001D1012801D0012070BD84F83E6084F8AC
:103470003F6084F8426084F8436091B1042904D02D
:1034800001220021206802F03BFF01220421206874
:1034900002F036FF2068016841F001010160002060
:1034A00070BD012200212068F2E7704770472DE9C6
:1034B000F04104460068C66805694FF00007A90797
:1034C00013D5B10711D5F91E0161012020772068BD
:1034D00080698007204602D0FFF7E8FF04E000F093
:1034E000E5F8204600F077F92777680716D57007CA
:1034F00014D521686FF0040008610220207720684D
:10350000806910F4407F204602D0FFF7CFFF04E02F
:1035100000F0CCF8204600F05EF92777280715D593
:10352000300713D521686FF0080008610420207768
:103530002068C0698007204602D0FFF7B7FF04E08B
:1035400000F0B4F8204600F046F92777E80616D5D3
:10355000F00614D521686FF010000861082020776C
:103560002068C06910F4407F204602D0FFF79EFF1C
:1035700004E000F09BF8204600F02DF92777E807DB
:1035800008D0F00706D021686FF0010008612046DE
:1035900000F01AFB280608D5300606D521686FF022
:1035A000800008612046FFF75BFC680608D57006BE
:1035B00006D521686FF040000861204600F0A4FBAA
:1035C000A8060AD5B00608D521686FF0200008616A
:1035D0002046BDE8F041FFF744BCBDE8F0810000A3
:1035E00070B586B0044614216846FCF723FE2848CF
:1035F00021680024274B0222012581420DD1186841
:1036000040F010001860186800F010000590481590
:103610008DE815006946204822E02048B1F1804F2E
:1036200012D01F4EB14221D1186840F0020018603C
:103630001868694600F00200059020208DE815000A
:10364000CDE9034217480DE0196841F00101196006
:10365000196801F00101059108218DE816006946FD
:10366000CDE90345FEF718FA06B070BD0E4EB14223
:10367000FAD1196841F00101196019680095CDE986
:10368000012401F00101CDE9042103946946E9E731
:1036900000000140303802400010024000000240AB
:1036A0000004004000040240000C0040704770B568
:1036B000044690F83C0000260D4601280FD001205A
:1036C00084F83C006AB1042A1DD0082A2FD00C2AA5
:1036D0003FD00126002084F83C00304670BD022017
:1036E00070BD206802F0A0FE2068816941F00801E9
:1036F00081612068816921F004018161206881690C
:103700002A69114311E0206802F0BEFE2068816939
:1037100041F4006181612068816921F480618161E7
:10372000206881692A6941EA02218161D2E7206823
:1037300002F0E0FE2068C16941F00801C161206823
:10374000C16921F00401C1612068C1692A6911437E
:1037500011E0206802F002FF2068C16941F40061B5
:10376000C1612068C16921F48061C1612068C169BB
:103770002A6941EA0221C161ACE710B5040003D017
:1037800094F83D0010B107E0012010BD002084F83E
:103790003C00204600F01EF8022084F83D00211D68
:1037A000206802F041FD012084F8460084F83E00C4
:1037B00084F83F0084F8400084F8410084F8420017
:1037C00084F8430084F8440084F8450084F83D0000
:1037D000002010BD704770477047000010B50446C8
:1037E00049B104290AD008290BD094F841000128D6
:1037F0000AD0012010BD94F83E00F8E794F83F008D
:10380000F5E794F84000F2E70220B1B3042938D07C
:10381000082939D084F841000122206802F070FDA7
:103820001B4920681B4A884201D0904203D1436C57
:1038300043F4004343642068884213D0B0F1804FC2
:1038400010D0154988420DD0144988420AD0144935
:10385000884207D0904205D01249884202D01249CE
:10386000884204D1816801F00701062903D001686C
:1038700041F001010160002010BDFFE784F83E0027
:10388000CAE784F83F00C7E784F84000C4E70000B7
:103890000000014000040140000400400008004016
:1038A000000C004000400140001800402DE9F041AC
:1038B00017460D0004464FF0000611D0042D12D01B
:1038C000082D13D094F8410002287DD08DB1042D2D
:1038D00012D0082D13D094F84100012812D0B4E082
:1038E00094F83E00F0E794F83F00EDE794F84000CC
:1038F000EAE794F83E00F0E794F83F00EDE794F82B
:103900004000EAE7002F60D0002B5ED002208DB18E
:10391000042D12D0082D13D084F841004E484F4991
:103920004F4A85B1042D22D0082D6AD00C2D7DD0B0
:10393000012663E084F83E00F0E784F83F00EDE7FD
:1039400084F84000EAE7D4F824C0CCF83C00606A70
:103950000164606A3946C2642268606A3432FEF7E4
:1039600043F890BB2068C16841F4007112E0D4F8BC
:1039700028C0CCF83C00A06A0164A06A3946C26441
:103980002268A06A3832FEF72FF8F0B92068C168C3
:1039900041F48061C16001222946206802F0B0FC38
:1039A00030492068304A884201D0904203D1436CAC
:1039B00043F4004343642068884216D0B0F1804F3E
:1039C00013D02A49884201E019E03EE00DD0284991
:1039D00088420AD02749884207D0904205D026491C
:1039E000884202D02549884204D1816801F007014C
:1039F000062903D0016841F0010101603046BDE8AD
:103A0000F081D4F82CC0CCF83C00E06A0164E06A94
:103A10003946C2642268E06A3C32FDF7E5FFA0B98E
:103A20002068C16841F40061B4E7FFE7D4F830C012
:103A3000CCF83C00206B0164206B3946C2642268DC
:103A4000206B4032FDF7D0FF08B10120D7E7206896
:103A5000C16841F480519DE71B6300087963000849
:103A6000B163000800000140000401400004004070
:103A700000080040000C00400040014000180040D9
:103A800030B504460D460068002202F039FC1949A1
:103A900041F2111220689310884202D016498842E0
:103AA00009D1016A114206D1016A194203D1416C60
:103AB00021F4004141642068016A114206D1016A83
:103AC000194203D1016821F00101016001203DB1DB
:103AD000042D08D0082D09D084F84100002030BD05
:103AE00084F83E00FAE784F83F00F7E784F84000E6
:103AF000F4E70000000001400004014070B50D0033
:103B000004464FF0000607D0042D0CD0082D40D0FD
:103B10000C2D45D001263AE02068C16821F40071DF
:103B2000C160606A05E02068C16821F48061C160FD
:103B3000A06AFDF70DFE00222946206802F0E0FB96
:103B40001F4941F2111220689310884202D01D498A
:103B5000884209D1016A114206D1016A194203D192
:103B6000416C21F4004141642068016A114206D190
:103B7000016A194203D1016821F0010101600120AD
:103B8000ADB1042D16D0082D17D084F84100304671
:103B900070BD2068C16821F40061C160E06AC8E7B7
:103BA0002068C16821F48051C160206BC1E784F8AE
:103BB0003E00ECE784F83F00E9E784F84000E6E7E0
:103BC00000000140000401402DE9F0410646424852
:103BD000424C86422FD142480068416A41486161A7
:103BE0000068426AE261A0694EF66023401A606292
:103BF000984203DDA0F57F40FF3860623A4D2F0CFC
:103C0000A84201DA38446062206A101AA062984221
:103C100003DDA0F57F40FF38A062A84201DA3844F6
:103C2000A0622262A161616A606808446060A16A62
:103C3000A0680844A0602D48864201D0206905E0B4
:103C4000E068401CE0602069401C20610025B0F560
:103C50007A6F06D125619FED260A00F00DFD00F078
:103C6000D9FC2449E06888420BD1E5601B4D002453
:103C7000A0B26B782A78A97802F0F4FD641C082CB5
:103C8000F6DB1D48864225D11C4D4FF48051284655
:103C9000FDF7EAFF1A4C08B9FC2020704FF40051E0
:103CA0002846FDF7E1FF08B9FD202070154D0421DD
:103CB0002846FDF7D9FF08B9FF20207008212846C3
:103CC000FDF7D2FF08B9FE202070BDE8F0410A4898
:103CD000FFF776BABDE8F0815C1D002000000020EF
:103CE000AC1B0020841C0020A015FFFF1C1B002023
:103CF0000AD7A33B80380100CC1C002000040240FE
:103D00002C00002000080240704770B5040004D069
:103D100094F84100002510B106E0012070BD84F840
:103D20004050204600F024F8242084F84100206808
:103D3000C16821F40051C160204602F081FC206876
:103D4000016921F4904101612068416921F02A0153
:103D500041612068C16841F40051C1606564202060
:103D600084F8410084F842006563002070BD0000C3
:103D700070B586B0064614216846FCF75BFA204908
:103D8000306888423AD11F480025016841F010018F
:103D90000160006800F0100005901A4814380168AE
:103DA00041F0010101600068694600F001000590E2
:103DB0004FF4C06000900220CDE90105032003907C
:103DC000072004901048FDF767FE114C0F48206053
:103DD0004FF0006060604020C4E902050001C4E9C2
:103DE00004058010C4E90650256220466562FDF78F
:103DF00091FD08B1FDF74EFCB463A66306B070BD3B
:103E0000001001404438024000000240B864024003
:103E10004C1E00202DE9F84F044690F842009846C9
:103E200015460E46202802D00220BDE8F88FBEB10C
:103E3000B5B100206064222184F842102063FDF7B0
:103E40001DFFA5858246E585A0684FF480574FF099
:103E50002009B84201D1206920B13546002628E06A
:103E60000120E2E7002524E05346002220212046DD
:103E7000CDF8008002F06AFC18B184F8429003206B
:103E8000D3E725B1A068B84219D038B108E020685E
:103E90004068C0F3080026F8020B07E0206970B103
:103EA0002068406800F07F0005F8010BE08D401E9F
:103EB000E085E08D0028D7D184F84290B5E72068EE
:103EC0004068F1E72DE9F843044690F841001F46A9
:103ED00015460E46202802D00220BDE8F8838EB198
:103EE00085B100206064212084F84100FDF7C6FE02
:103EF000A5848146E584A0684FF02008B0F5805F76
:103F000002D003E00120E8E7206910B13546002621
:103F10000EE000250CE08021204602F017FCA0B93D
:103F2000BDB115F8010B21684860E08C401EE084AB
:103F3000E08C4B464FF0000200970028EBD14FF089
:103F40004001204602F002FC40B184F84180032089
:103F5000C3E736F8020BC0F30800E4E784F84180B9
:103F60000020BAE7FEE701684A69D24352050FD440
:103F70006FF480624A61002140F8301F20224273B2
:103F80008173026942F004020261017301207047EB
:103F9000002070472DE9F84F0446006889460B9EC3
:103FA00001689846174641F4806101602068016805
:103FB00041F48071016000964FF0011B00225946C8
:103FC00020460A9B00F0E3F84FF4007A40B12068E5
:103FD0000068C00501D5C4F840A00320BDE8F88FF3
:103FE000216809F0FE0008613346284920460A9AF4
:103FF00000F011F9F0BB20684169806900903246F9
:1040000020460A9900F09EF940B1206C04283AD16C
:104010002068016841F40071016034E0FDB2B8F13C
:10402000010F09D02168380A0861324620460A99F2
:1040300000F088F90028E8D1206805613246204662
:104040000A9900F07FF90028DFD12068016841F467
:104050008071016000960022594620460A9B00F0BC
:1040600096F80028B3D1216809F0FF0040F0010064
:10407000086100E007E03346044920460A9A00F050
:10408000CAF80028AAD00120A8E700000200010019
:104090002DE9F843044600680D46DDE908970168FC
:1040A0009846164641F4807101604B4600224FF05D
:1040B00001112046009700F06AF848B120680068B6
:1040C000C00502D54FF4007020640320BDE8F883DA
:1040D000216805F0FE0008613B464A461549204626
:1040E00000F099F888B920684169806900903A46E3
:1040F0004946204600F026F948B1206C042804D136
:104100002068016841F4007101600120DEE7F5B22A
:10411000B8F1010F09D02168300A08613A464946D2
:10412000204600F00FF90028E7D120680561002043
:10413000CCE700000200010070B516460D460446AB
:104140001EE02046FFF70FFF08B1012070BD681C7C
:1041500016D0FDF793FD801BA84200D885B92068D2
:104160004069C04340070BD5002044F8300F2021A0
:104170006173A073216941F0200121612073E4E79C
:1041800020684069C0434007DBD4002070BD2DE9A2
:10419000F0471E4690460D460446C1F30747DDF83A
:1041A000209026E0701C24D0FDF768FDA0EB0900EC
:1041B000B04200D8EEB92068012F16D0806925EAF8
:1041C00000000004000C12D00020404511D1002056
:1041D00044F8300F20216173A073216941F0200160
:1041E000216120730120BDE8F0874069E7E70120E5
:1041F000EBE72068012F0AD0806925EA000000045F
:10420000000C06D000204045CCD00020EBE74069F0
:10421000F3E70120F7E72DE9F047984616460D46EB
:1042200004464FF000094FF0200AC1F3074723E08E
:1042300020684069C043400515D42068016841F4F6
:104240000071016021686FF480604861C4F83090AB
:1042500084F83DA084F83E90216C41F00401216473
:1042600084F83C9020E0701C06D0FDF707FDA0EB21
:104270000800B04203D816B1012F1ED020E02068FC
:10428000012F14D0806925EA00000004000C17D02B
:1042900044F8309F84F80DA084F80E90216941F015
:1042A0002001216184F80C900120BDE8F08740696D
:1042B00025EA00000004000CEAD12068406901E012
:1042C0002068806925EA00000004000CB0D1ECE70A
:1042D0002DE9F04116460D46044600274FF0200810
:1042E00029E04069C043C0060DD454F8301B6FF07C
:1042F0001000486144F80D7B04F81D89A777206AF7
:104300002062277714E0FDF7B9FC801BA84200D893
:104310008DB920684069C04340060CD544F8307F11
:1043200084F80D80A773206940F020002061277376
:104330000120BDE8F08120684169C9434906D0D415
:104340000020F6E770B516460D4604461EE02046EE
:10435000FFF709FE08B1012070BD681C16D0FDF7FB
:104360008DFC801BA84200D885B920684069C043F5
:1043700000060BD5002044F8300F20216173A07394
:10438000216941F0200121612073E4E72068406940
:10439000C0430006DBD4002070BD00002DE9F04FC3
:1043A0004FF000092DED108BF9B09FED94FADFF876
:1043B0005082944FF3EE04EA6D463CAEDFED92FA84
:1043C000DFF848A2DFF848B2B0EE4FDAA8F818904C
:1043D000A8F81A90A8F81C90A8F81290A8F81490C1
:1043E000F0EE4DDAF0EE4DBAF0EE4D9AB0EE4DAA89
:1043F000F0EE4DAAB0EE4DBAB0EE4DCAF0EE4DCA99
:10440000B0EE4D8AF0EE4D8AB0EE4D9AA8F81690B7
:10441000002402F0B1FEB7F9000000EE100A04EB30
:10442000440005EB8000B8EEC00A80ED000AB7F941
:1044300002103DEE00DA00EE901AF8EEE00AC0ED50
:10444000010AB7F904107DEEA0DA01EE101AB8EEF9
:10445000C11A80ED021A7BEE81BA0520FDF7FCFA45
:10446000641CA4B2142CD4D38DEE2EEA00248DEE5D
:10447000AEDACBEEAEDA02F069FEB7F9060000EE76
:10448000100A04EB440006EB8000B8EEC00A80ED91
:10449000000AB7F908103BEE00BA00EE901AF8EEE9
:1044A000E00AC0ED010AB7F90A103CEE20CA01EE9D
:1044B000101AB8EEC11A80ED021A7CEE81CA0A20E9
:1044C000FDF7CAFA641CA4B2142CD4D3CBEE2E1A76
:1044D00000208CEE2E1ACCEEAE0A00EB400105EB6C
:1044E0008101B0EE4E0A91ED002A401C80B232EEFE
:1044F000400A142820EE2F2A42EE009A91ED012A5C
:10450000B0EE4D0A32EE400A20EE2F2A02EE00AA4B
:1045100091ED022AB0EE6D0A32EE400A20EE2F2A0B
:1045200042EE00AAD9D3002000EB400106EB810146
:10453000B0EE610A91ED002A401C80B232EE400AD2
:10454000142820EE2F2A02EE008A91ED012AB0EE07
:10455000410A32EE400A20EE2F2A42EE008A91ED07
:10456000022AB0EE600A32EE400A20EE2F2A02EE56
:10457000009AD9D319EE901A50468142BFF624AF63
:104580001AEE101A8142F9DA1AEE901A5145F5DA4C
:1045900018EE100A59468842F0DA18EE900A88425E
:1045A000ECDA19EE100A5845E8DABDEECE0A10EE44
:1045B000101ABDEECD0AA8F8181010EE101ABDEEB4
:1045C000ED0AA8F81A1010EE101ABDEEE10AA8F8CC
:1045D0001C1010EE101ABDEEC10AA8F8121010EE51
:1045E000101ABDEEE00AA8F8141010EE101AA8F880
:1045F000161079B0BDEC108BBDE8F08F0000000004
:10460000AC1E0020200A00203694573D000048428E
:104610000000FA4400B58DB0002000900190029097
:1046200003900490059006900790089009900A90D6
:104630000B9002F0A1FD02F089FD0D490D480A889A
:10464000038BD21AC2804A88438BD21A02818A888D
:10465000838BD21A4281CB88428A9B1A03800B89B2
:104660009B1A43804989891A81800DB000BD0000E2
:10467000200A0020AC1E002030B52DED068BF0EE98
:10468000409AB6EE000A8FB029EE808AFE4CF0EE1A
:10469000008AB7EE00AA94ED010AD4ED030A94ED66
:1046A000021AFA4D20EE200AD4ED000A00EEC10AEB
:1046B00020EE280A8DED0B0A94ED000AD4ED010AD4
:1046C00094ED031A20EE200AD4ED020A00EE810ACE
:1046D00020EE280A8DED0C0A94ED010AD4ED010AB2
:1046E00094ED021A20EE200AD4ED020A00EE810AAF
:1046F000F0EE4A0A40EE680ACDED0D0AB5F9000069
:1047000000EE100AB8EEC00A03F05CF8B5F902003A
:10471000B0EE409A00EE100AB8EEC00A03F052F86C
:10472000B5F9040039EE009A00EE100AB8EEC00A9E
:1047300003F048F839EE000A02F0A6FEB5F90000D1
:10474000A4F1080100EE900AF8EEE00A60EE800A9B
:10475000CDED040AB5F9020000EE900AF8EEE00A89
:1047600060EE800ACDED050AB5F9040000EE900A6E
:1047700005F13000F8EEE00A20EE800A8DED060A21
:104780009DED050ADDED0D0A9DED0C1A20EE200AC7
:10479000DDED060A00EEC10A8DED000A9DED060A68
:1047A000DDED0B0A9DED0D1A20EE200ADDED040A69
:1047B00000EEC10A8DED010A9DED040ADDED0C0A43
:1047C0009DED0B1A20EE200ADDED050A00EEC10A70
:1047D0008DED020AD0ED000A9DED001A91ED010A5F
:1047E00041EE000AC0ED000A90ED011ADDED011A5C
:1047F00001EE801A80ED011AD0ED021A9DED022A19
:1048000042EE001AC0ED021AB5F9060000EE100AD9
:10481000B8EEC00A9FED9E2A9DED003A60EE022A96
:1048200091ED000A40EE032A72EEA00ACDED000AD7
:10483000B5F90800DDED012A00EE900AF8EEE00A75
:1048400060EE820A40EE220A70EE810ACDED010A86
:10485000B5F90A009DED021A00EE900AF8EEE00AA2
:1048600060EE820A40EE010A30EEA10A8DED020AE6
:1048700094ED010ADDED000A9DED011ADDED011A4E
:1048800020EEC00AD4ED020A9DED012ADDED002ADA
:1048900000EEC10AD4ED030A9DED021A00EEC10A32
:1048A000DDED000A20EE081A94ED000A20EE200A41
:1048B000D4ED030A00EEE10AD4ED020ADDED021A9E
:1048C00000EEA10ADDED001A60EE080A94ED030A7D
:1048D00020EE210AD4ED001A01EE820AD4ED011A6D
:1048E0009DED022A01EEC20AD4ED011A9DED012AC6
:1048F00061EE821A94ED022A20EE080A42EE621A54
:1049000094ED002ADDED022A42EE221A94ED002AEF
:1049100032EE011A61EE881A84ED001A94ED011A44
:1049200071EE200AC4ED010AD4ED020A30EE800ACD
:1049300084ED020A94ED030A30EE210A84ED030AA5
:1049400094ED000A02F03EFFB0EE408A94ED010AB9
:1049500002F038FF38EE008A94ED020A02F032FFCE
:1049600038EE008A94ED030A02F02CFF38EE000ABC
:1049700002F08AFDD4ED000AB0EE4A8A60EE800AA9
:10498000C4ED000AD4ED010A60EE800AC4ED010A0C
:10499000D4ED020A60EE800AC4ED020AD4ED030AE7
:1049A00020EE800A84ED030A94ED000AD4ED020A99
:1049B00094ED031A20EE280AB5F90A0060EE200AE9
:1049C00094ED010A20EE280A40EE410A94ED020A15
:1049D00094ED031A20EE280A20EE019A94ED000AC5
:1049E00094ED011A20EE280A00EE019A94ED010AD6
:1049F00094ED011A20EE280A00EE418A94ED020A95
:104A000094ED021A05F1240420EE280A00EE418AF2
:104A100000EE100A9FED1F1AB8EEC00A20EE010A40
:104A200010EE100AB0F17E5F04DC10EE100A10F1F7
:104A3000814F05D994ED021A00EE291A84ED021A6D
:104A400010EE900AFBF728FD41EC100B01F088FFF7
:104A50009FED111B51EC100B53EC112BFBF7AAFC33
:104A6000FBF72DFDF0EE480AB0EE490A606002F057
:104A700027F9DFED0B0A20EE200A84ED000A0FB0C3
:104A8000BDEC068B30BD000040060020AC1E0020AF
:104A900045798B3AE200FA3C0000006094A94C4052
:104AA000A34C65422DE9F04104461D4616460F46CB
:104AB0002A2000F03FFC204600F032FC304600F097
:104AC0002FFC2B2000F036FC384600F029FC28464D
:104AD00000F026FCBDE8F0412C2000F02BBC10B506
:104AE00014460B460246FFF7DDFF2046BDE81040A6
:104AF00000F016BC2DE9F8430D46DDF820801F4676
:104B0000A8F57F4116468146FE390CD1042269463C
:104B10003C20FCF7F9FC9DF803000F4931F8100028
:104B20000E4980460880781E83B2701E82B22946E4
:104B30004846FFF7B7FF0AE04C4604E0404600F065
:104B4000EFFB641CA4B2B442F8D36D1CADB2BD42FD
:104B5000F2D3BDE8F88300003C00002030000020C4
:104B600008B56420FCF778FF6420FCF775FF00208F
:104B70000090042269463820FCF7C6FC9DF803002B
:104B800010B901208DF8030004215E48FEF726FECF
:104B90005C499DF80300096888636420FCF75CFFAA
:104BA000112000F0C7FB7820FCF756FF362000F0FC
:104BB000C1FB702000F0D4FB3A2000F0BBFB0520C5
:104BC00000F0CEFBB22000F0B5FB0C2000F0C8FBDB
:104BD0000C2000F0C5FB002000F0C2FB332000F0E9
:104BE000BFFB332000F0BCFBB72000F0A3FB352057
:104BF00000F0B6FBBB2000F09DFB322000F0B0FBC4
:104C0000C22000F097FB012000F0AAFBC32000F0B7
:104C100091FB152000F0A4FBC42000F08BFB2020AA
:104C200000F09EFBC62000F085FB0F2000F098FBF3
:104C3000D02000F07FFBA42000F092FBA12000F028
:104C40008FFBE02000F076FBD02000F089FB0820ED
:104C500000F086FB0E2000F083FB092000F080FBB3
:104C6000092000F07DFB052000F07AFB312000F0E8
:104C700077FB332000F074FB482000F071FB172015
:104C800000F06EFB142000F06BFB152000F068FBB9
:104C9000312000F065FB342000F062FBE12000F0E1
:104CA00049FBD02000F05CFB082000F059FB0E20EF
:104CB00000F056FB092000F053FB092000F050FBE8
:104CC000152000F04DFB312000F04AFB332000F0AE
:104CD00047FB482000F044FB172000F041FB142064
:104CE00000F03EFB152000F03BFB312000F038FBCC
:104CF000342000F035FB212000F01CFB292000F0BF
:104D000019FB08BD641B00202DE9FF4F83B0074647
:104D1000DDF8449000904FEA590A4FF000085FEA2E
:104D20004A7000D0012000EBDA0000FB09F001908E
:104D30000498203A4844401E83B207EB0A0002F070
:104D4000FF0B401E82B238460499FFF7ABFE0025E8
:104D500050E0B9F10C0F28D0B9F1100F2BD0B9F1F8
:104D6000180F2CD0B9F1200F47D1274901EB8B1038
:104D70000024465D129800284FF0010000FA04F06C
:104D800000EA060021D020B13846069A0499FFF7C0
:104D9000A6FE7F1C0098BFB2391A514524D1049851
:104DA000009F401C80B2049022E018490BEB4B009E
:104DB00001EB8000DCE7164901EB0B10D8E7154941
:104DC0000BEB4B0001EB0010D2E708B1069800E0B6
:104DD000109800F0A5FA08F10100C0B2B0FBFAF299
:104DE00080460AFB128058B1641CE4B2082CC1D37F
:104DF0006D1CADB201988542ABD307B0BDE8F08F12
:104E00004FF00008F4E700006C94000838780008C0
:104E1000AC7C00089C8200082DE9FE4F9946DDE934
:104E20000D4517468A4680460C9E15E00C2C18D07E
:104E3000102C20D0182C28D0202C10D100964B46B6
:104E40003A4651464046CDE9014500F095F908EB58
:104E500004001FFA80F8BF1C38780028E6D1BDE8AE
:104E6000FE8F00964B463A4651464046CDE90145F5
:104E700000F016F8EBE700964B463A46514640469E
:104E8000CDE9014500F086F8E1E700964B463A4649
:104E900051464046CDE9014500F0F4F8D7E700005F
:104EA0002DE9FF4F85B00546139F002600908B46E5
:104EB000780700D0012000EBD7007843029005204E
:104EC00003900020824600EB800101EBCA003049CC
:104ED000079A11F81030127893424DD101EB40003F
:104EE0000190417807984078814245D10BEB07004B
:104EF000401E83B2E819401E82B259462846FFF789
:104F0000D1FD002034E00198002400EB080914983A
:104F100099F8021000284FF0010000FA04F001EAAD
:104F2000000111D021B159462846089AFFF7D7FD54
:104F30006D1C0098ADB2281AB84212D10BF10100D5
:104F40001FFA80FB009D10E009B1089800E012985C
:104F500000F0E6F9761CF6B2B6FBF7F007FB10603E
:104F6000A0B1641CE4B2082CD1D308F10100C0B296
:104F7000029980468842C6D30AF1010080B20399A3
:104F8000824688429FD309B0BDE8F08F0026ECE747
:104F90002CAC00082DE9FF4F85B00546139F002675
:104FA00000908B46780700D0012000EBD7007843B3
:104FB000029005204FF0000A03903149079A0AEB4E
:104FC0000A1011F81030127893424DD101EB4000D5
:104FD0000190417807984078814245D10BEB07005A
:104FE000401E83B2E819401E82B259462846FFF798
:104FF00059FD002034E00198002400EB08091498C2
:1050000099F8021000284FF0010000FA04F001EABC
:10501000000111D021B159462846089AFFF75FFDDB
:105020006D1C0098ADB2281AB84212D10BF10100E4
:105030001FFA80FB009D10E009B1089800E012986B
:1050400000F06EF9761CF6B2B6FBF7F007FB1060C5
:10505000A0B1641CE4B2082CD1D308F10100C0B2A5
:10506000029980468842C6D30AF1010003991FFACB
:1050700080FA8A45A1D309B0BDE8F08F0026ECE79D
:10508000AEAC00082DE9FF4F85B00546139F002602
:1050900000908B46780700D0012000EBD7007843C2
:1050A00002903D2003900020824600EB800101EB3E
:1050B0004A103049079A11F81030127893424DD1B6
:1050C00001EB40000190417807984078814245D13A
:1050D0000BEB0700401E83B2E819401E82B259460E
:1050E0002846FFF7DFFC002034E00198002400EBA5
:1050F0000809149899F8021000284FF0010000FAEE
:1051000004F001EA000111D021B159462846089A5D
:10511000FFF7E5FC6D1C0098ADB2281AB84212D119
:105120000BF101001FFA80FB009D10E009B1089807
:1051300000E0129800F0F4F8761CF6B2B6FBF7F037
:1051400007FB1060A0B1641CE4B2082CD1D308F1B5
:105150000100C0B2029980468842C6D30AF101001C
:1051600080B20399824688429FD309B0BDE8F08F90
:105170000026ECE758AD00082DE9FF4F85B0054645
:10518000139F002600908B46780700D0012000EB8B
:10519000D7007843029018204FF0000A039031495D
:1051A000079A0AEB8A1011F81030127893424DD109
:1051B00001EB40000190417807984078814245D149
:1051C0000BEB0700401E83B2E819401E82B259461D
:1051D0002846FFF767FC002034E00198002400EB2C
:1051E0000809149899F8021000284FF0010000FAFD
:1051F00004F001EA000111D021B159462846089A6D
:10520000FFF76DFC6D1C0098ADB2281AB84212D1A0
:105210000BF101001FFA80FB009D10E009B1089816
:1052200000E0129800F07CF8761CF6B2B6FBF7F0BE
:1052300007FB1060A0B1641CE4B2082CD1D308F1C4
:105240000100C0B2029980468842C6D30AF101002B
:1052500003991FFA80FA8A45A1D309B0BDE8F08FFF
:105260000026ECE7FABE00082DE9FF4F83B00027C7
:10527000DDE911A81D4681464FEA58063C46BB466B
:105280002CE0281B401EC1B20A2002F093FA0599B7
:10529000B1FBF0F00A21B0FBF1F201FB120027B9DB
:1052A000691E8C4201DA58B101273030C2B2CDE913
:1052B00000A804FB069080B2CDF808B0109B08E06F
:1052C000CDE900A804FB0690109B80B2CDF808B091
:1052D00020220499FFF718FD641CE4B2AC42D0D33D
:1052E00007B0BDE8F08F2DE9FE4F9946DDE90D6767
:1052F00014468A460546DDF830800CE0CDF8008083
:105300004B4651462846CDE90167FFF7FDFC05EB0A
:10531000560085B2641C2278002AEFD1BDE8FE8FCA
:1053200010B50446000A00F01BF8E0B2BDE81040DA
:1053300000F016B870B5094D06464FF4006400221F
:1053400021462846FCF795FC304600F009F8214636
:105350002846BDE870400122FCF78BBC00080240E3
:1053600031B50A4D4FF40044002221462846FCF78F
:1053700080FC4FF47A73012269460548FDF7B6FBBD
:10538000012221462846FCF774FC38BD000002408B
:105390007C1A00203EB54FF448758C23AA225F2169
:1053A0004B200095FFF7A6FB002418200095CDE9BF
:1053B00001044FF6FF730CA267215720FFF793FFFC
:1053C0004FF47A70FBF7D5FD09488C23AA22008898
:1053D00000905F214B20FFF78DFB06480470BDE86D
:1053E0003E40FBF7D7BE00004C6F636B6564000066
:1053F000300000202C000020114808B5016841F45D
:1054000000110160016801F400110091016841F48C
:10541000800101600068002200F4800000900121FA
:105420001120FCF73DFF1120FCF72CFF0022114654
:105430004620FCF735FFBDE808404620FCF722BFB8
:10544000303802402DE9F04F87B014216846FAF752
:10545000F1FE51480024016841F01001016001682B
:1054600001F010010591016841F0800101600168BF
:1054700001F080010591016841F0040101600168BB
:1054800001F004010591016841F00101016001682A
:1054900001F001010591016841F00201016001681C
:1054A00001F002010591016841F008010160006806
:1054B000012200F00800059004213848FCF7D9FBD0
:1054C000DFF8DCA048F20607002239465046FCF718
:1054D000D0FBDFF8D0B04FF41168002241465846A7
:1054E000FCF7C7FB4FF4C079002249462B48FCF774
:1054F000C0FB042000901120CDE901046946274833
:105500000394FCF7C9FA0C204FF40416CDE9000609
:105510000125694602955846FCF7BEFA0097CDE989
:105520000154694650460394FCF7B6FACDF8008062
:10553000CDE90154694658460394FCF7ADFACDF81D
:105540000090CDE90154694614480394FCF7A4FA8D
:105550004FF44050CDE90006694602951248FCF729
:105560009BFA002201210820FCF79AFE0820FCF794
:1055700089FE002201210920FCF792FE0920FCF798
:1055800081FE002201212820FCF78AFE2820FCF75A
:1055900079FE07B0BDE8F08F3038024000100240BD
:1055A0000000024000080240000402400D4810B50F
:1055B0000B4901600C49416000214FF48042816039
:1055C000C0E9031241618161C1610162FCF75CFBCA
:1055D000002803D0BDE81040FCF75CB810BD000007
:1055E000005C0040D0190020A0860100104810B5D2
:1055F0000E4901604FF482714160002102228160F6
:10560000C0E9031201224261520282610822C0E90C
:105610000721416281620A21C162FDF709F9002870
:1056200003D0BDE81040FCF735B810BD0030014094
:10563000241A0020104810B50E4901604FF4827101
:1056400041604FF4004181600021C1604FF400725D
:105650000161C0E90512C1610162416281620A21F2
:10566000C162FDF7E5F8002803D0BDE81040FCF763
:1056700011B810BD003C00407C1A00200C4810B549
:105680000A49016040F247314160002140F2E732AF
:10569000C0E90212016180218161FDF755FC0028FB
:1056A00003D0BDE81040FBF7F5BF10BD004401403A
:1056B000141D00200B4810B50949016042F2CF01CA
:1056C000416000216322C0E9021201618161FDF79E
:1056D0003BFC002803D0BDE81040FBF7DBBF10BD4A
:1056E000004801405C1D002010B596B000240F94C6
:1056F00010941194129413941C2108A81494FAF78E
:1057000099FD20216846FAF795FD28482649016051
:105710005321C0E9011440F2E731C0E903144461A8
:105720008461FDF711FC08B1FBF7B4FF4FF4805022
:105730000F900FA91D48FDF75BFD08B1FBF7AAFF0D
:105740001A48FEF71AF808B1FBF7A4FF139413A93F
:1057500016481494FDF7B0FB08B1FBF79BFF7020CF
:10576000CDE908040A940B940C940D94002208A926
:105770000E480E94FDF79BFF08B1FBF78BFF0094DA
:105780004FF40050CDE9044002940194039469461B
:1057900006480794FDF766FB08B1FBF77BFF03485B
:1057A000FDF71EFF16B010BD00000140D41A002006
:1057B00010B58EB000240794089409940A940B94B1
:1057C0001C2168460C94FAF735FD1E484FF08041C5
:1057D000C0E900146821C0E90241802104618161AF
:1057E000FDF7B2FB08B1FBF755FF4FF4805007906F
:1057F00007A91448FDF7FCFC08B1FBF74BFF114863
:10580000FDF7BBFF08B1FBF745FF0B940BA90D4853
:105810000C94FDF751FB08B1FBF73CFF6020CDE98C
:105820000004042004900C22694602940548FDF708
:105830003EFF08B1FBF72EFF0248FDF7D1FE0EB088
:1058400010BD00001C1B002010B58EB00024079472
:10585000089409940A940B941C2168460C94FAF756
:10586000E9FC1E481C4901605321C0E90114632171
:10587000C0E9031480218161FDF766FB08B1FBF7E5
:1058800009FF4FF48050079007A91448FDF7B0FCBA
:1058900008B1FBF7FFFE1148FDF76FFF08B1FBF7FA
:1058A000F9FE0B940BA90D480C94FDF705FB08B10C
:1058B000FBF7F0FE6020CDE9000402940422694663
:1058C00006480494FDF7F3FE08B1FBF7E3FE034836
:1058D000FDF786FE0EB010BD00040040641B0020E2
:1058E00010B58CB024216846FAF7A4FC00241548B2
:1058F000099413490A94C0E900144FF6FF71C0E9F6
:105900000241046184610120CDE90004CDE9020473
:105910000494CDE90540079469460A480894FDF7C8
:10592000D5FC08B1FBF7B6FE099409A905480A940D
:10593000FDF7C2FA002801D0FBF7ACFE0CB010BD99
:1059400000080040AC1B002010B58EB00024079466
:10595000089409940A940B941C2168460C94FAF755
:1059600069FC1E481C4901605321C0E9011440F242
:10597000E731C0E903148461FDF7E6FA08B1FBF7EB
:1059800089FE4FF48050079007A91448FDF730FCBA
:1059900008B1FBF77FFE1148FDF7EFFE08B1FBF7FA
:1059A00079FE0B940BA90D480C94FDF785FA08B10C
:1059B000FBF770FE7020CDE90004029400226946D6
:1059C00006480494FDF773FE08B1FBF763FE034835
:1059D000FDF706FE0EB010BD000C0040F41B0020C9
:1059E0001CB500240E4800940C490194016042F259
:1059F000CF01C0E9011463218461C160FDF7A4FAFD
:105A000008B1FBF747FE0094694605480194FDF78D
:105A100053FA002801D0FBF73DFE1CBD00100040EA
:105A20003C1C002010B58CB024216846FAF702FC1B
:105A300000241648099414490A94C0E900144FF64A
:105A4000FF71C0E902410461446184610120CDE934
:105A50000004CDE902040494CDE9054007946946A9
:105A60000A480894FDF732FC08B1FBF713FE0994CD
:105A700009A906480A94FDF71FFA002801D0FBF790
:105A800009FE0CB010BD000000040140841C002081
:105A90001FB5002011490090019002900E4A03901A
:105AA0000A6042F2CF02C1E90120C722C1E9032006
:105AB000802088610846FDF747FA08B1FBF7EAFD48
:105AC0004FF48050009069460448FDF791FB002890
:105AD00001D0FBF7DFFD1FBD00400140CC1C0020C2
:105AE0000C4810B50A4901604FF4E13141600021D2
:105AF00081600C22C160C0E904128161C161FEF7BE
:105B000004F9002803D0BDE81040FBF7C3BD10BD69
:105B100000100140041E0020FEE7000070B505469D
:105B2000B0EE601A104830EE010A9FED101AD0ED69
:105B3000020A0F4800F00EF9BDEEC00A10EE104A3E
:105B40006E2C01DD6E2404E06FF06D00844200DAFB
:105B50000446281B012100F027F86019BDE87040B9
:105B6000002100F021B80000D01E0020C04F4348A3
:105B7000D405002010B528B1012806D002280AD08B
:105B8000012010BD0021064801E000210548FDF775
:105B900077FF002010BD00210148FDF771FFF4E7F9
:105BA000D41A0020F41B002010B50C4601462046F4
:105BB000FBF7C4FD00EB8000400000EE100AF8EE99
:105BC000C00A0CB1124800E0124800EE101A9FED16
:105BD000121AB8EEC00A00F0BDF8BDEEC00A4FF4CC
:105BE0007A7010EE101A814201DD014606E00B4882
:105BF000814201DA014604E0002902DD224600204C
:105C000002E0494222460120BDE8104000F008B8F9
:105C100004060020EC050020FC1A374A18FCFFFFA0
:105C200070B5B1F57A7F39D8C1F57A74012A01D0FF
:105C3000C2B131E01A4D012801D038B110E0002284
:105C400004212846FCF715F8012205E00122042171
:105C50002846FCF70EF8002202212846FCF709F836
:105C6000104817E0104DAE15012801D038B110E0F2
:105C7000002280212846FBF7FCFF012205E00122DB
:105C800080212846FBF7F5FF002231462846FBF726
:105C9000F0FF064800684463002070BD012070BD1D
:105CA00000000240F41B002000100240D41A002023
:105CB00010B528B1012806D002280AD0012010BD55
:105CC0000021064801E000210548FDF787FD00207E
:105CD00010BD00210148FDF781FDF4E7D41A002032
:105CE000F41B0020FEE7000038B5FF2000248DF8EB
:105CF0000000411C22460848FBF7BBFF2146FE205E
:105D0000FBF714FC6946FE20FBF7EAFB9DF8000058
:105D1000002800D0012038BD0008024008B500204E
:105D20008DF800001221FE20FBF700FC6946FE20E2
:105D3000FBF7D6FB9DF80000122801D0012008BD1A
:105D4000012211020248FBF794FF002008BD000069
:105D50000008024070EE600AC0ED030A90ED050AEB
:105D600030EE200A80ED050AB4EEC10AF1EE10FA19
:105D700001DD80ED051AD0ED051AB1EE410AF4EE11
:105D8000C01AF1EE10FA01D280ED050A90ED000A7A
:105D900090ED011AD0ED051A20EE200A01EE210A3D
:105DA00090ED041AD0ED021AC0ED040A30EEC11ACB
:105DB00001EE810A7047704710B5014612A0FAF74C
:105DC00044FA00281ED113481349042200780968B8
:105DD00000EB800001EBC0001049007BFBF794FB57
:105DE0000E48C078012803D0BDE8104000F026BD61
:105DF0000B48FDF7A5F9B4226921BDE81040FF204A
:105E000000F05ABD10BD00005247425F4C69676800
:105E1000740000002D00002034000020CD0500207B
:105E20001C1B00207FB5FBF7D7FB0024042203A92D
:105E300048200394FBF768FB9DF80F00104920B140
:105E4000012804D0022819D003E0022000E003203A
:105E500008704FF448758C23AA225F214B200095CF
:105E6000FEF748FE18200095CDE901044FF6FF73B8
:105E700004A267215720FFF736FA7FBD0420E7E729
:105E8000CC05002052756E696E6700003EB5FBF7C9
:105E9000A3FB4FF448748C23AA225F214B2000946B
:105EA000FEF728FE002018210094CDE901104FF6DE
:105EB000FF7306A267215720FFF715FA0548FDF783
:105EC0003FF90549012008703EBD000052756E691A
:105ED0006E670000141D0020CC050020F8B50446B4
:105EE00040684FF48273984221D1A0684FF48065D6
:105EF000B0F5004F01D0A8420AD12068066826F00C
:105F0000400606606068984211D1A068A8420ED091
:105F100000920B4600228021204600F043F8002822
:105F200004D0606D40F0200060650320F8BD009251
:105F30000B4600220121EFE7F8B515460E460B4649
:105F4000009204460122022100F02CF8A0B9134867
:105F500013490068B0FBF1F04FF47A7148430090A8
:105F60006068B0F5827F0DD1334600228021204643
:105F7000009500F017F870B1606D40F0200060658A
:105F80000320F8BD009830B1401E00902068806862
:105F9000C0430006F6D50020F8BD000034060020FE
:105FA00000366E012DE9F8431E46914688460446A8
:105FB000089DFBF763FE401B351AFBF75FFE0746A3
:105FC00025480068C0F3CB30684338E0701C37D0F8
:105FD000FBF754FEC01BA84203D215B1009860B372
:105FE0002CE02068416821F0E00141606068B0F574
:105FF000827F0BD1A068B0F5004F02D0B0F5806F62
:1060000004D12068016821F040010160A06AB0F568
:10601000005F09D12068016821F400510160206807
:10602000016841F400510160012084F85100002012
:1060300084F850000320BDE8F8830025401E00903E
:106040002068816838EA010004D000204845BDD1AD
:106050000020F0E70120F9E7340600207047000037
:106060003EB54FF448758C23AA225F214620009547
:10607000FEF740FD002418200095CDE901044FF6FD
:10608000FF730CA267214E20FFF72DF94FF47A70B1
:10609000FAF76FFF09488C23AA22008800905F213D
:1060A0004620FEF727FD06480470BDE83E40FBF79A
:1060B00071B800005375636365737300300000208E
:1060C0002C000020FCF784B830B593B0302168462E
:1060D000FAF7B0F814210CA8FAF7ACF81B48002521
:1060E000016841F080510160006800F0805011901B
:1060F0001748016841F4804101600068022400F4FF
:106100008040119001200090000401908001CDE9B1
:10611000064008AA0420A82182E813000B906846D4
:10612000FCF7DAF970B90CA90F2081E831004FF4BF
:10613000A0500F90E002109005210CA8FCF7E2F8A7
:10614000002801D0FBF7A6FA13B030BD403802405A
:10615000007000400248016841F47001016070471E
:1061600088ED00E010B50448FDF7A1F9BDE8104046
:106170000248FDF79CB90000D41A0020CC1C002076
:1061800010B50448FDF793F9BDE810400248FDF74B
:106190008EB90000D41A00205C1D002070B5154C8B
:1061A000206820B90422211D2820FBF7ADF91148F1
:1061B000001DC07800EBC00101EB00112068B0EBBE
:1061C000C10F0CD10C48002505700220FFF7D2FC4E
:1061D000FFF746FF0948FCF7F3FF256001E0401C8C
:1061E00020600748FDF763F9BDE870400348FDF7FC
:1061F0005EB9000020060020CC050020141D002000
:10620000D41A00200148FDF752B900001C1B0020E1
:106210000148FDF74CB90000641B00200148FDF760
:1062200046B900003C1C0020F0B50268294D2A4EFA
:106230002A4FDFF8ACC02B4B4FF0804EA84209D05C
:10624000704507D0B04205D0B84203D0604501D0B8
:10625000984203D122F070044A682243A8421BD01E
:10626000704519D0B04217D0B84215D0604513D050
:10627000984211D01C4CA0420ED01C4CA0420BD016
:106280001B4CA04208D01B4CA04205D01A4CA04287
:1062900002D01A4CA04203D122F44074CA682243AF
:1062A0004C6922F08002224302608A68C2620A6856
:1062B0008262A84201D0984201D10969016301219B
:1062C00041610169C90703D0016921F00101016140
:1062D000F0BD000000000140000400400008004044
:1062E000000C004000040140004001400044014017
:1062F0000048014000180040001C00400020004001
:1063000010B501F01F010123046A8B409C43046215
:10631000036A8A401343036210BD10B5846B0121E8
:10632000626A824205D12177C069F8B984F83E10CB
:106330001CE0A26A824206D102222277C069A8B973
:1063400084F83F1012E0E26A824206D104222277EA
:10635000C06958B984F8401008E0226B824205D128
:1063600008222277C06908B984F841102046FDF759
:1063700032FA0020207710BD10B5846B616A81422B
:1063800001D101200DE0A16A814201D1022008E083
:10639000E16A814201D1042003E0216B814201D1F5
:1063A000082020772046FDF717FA0020207710BD3F
:1063B00010B5846B0121626A824203D1217784F88F
:1063C0003E1019E0A26A824204D10220207784F8AC
:1063D0003F1011E0E26A824204D10420207784F861
:1063E000401009E0226B824204D10820207784F813
:1063F000411001E084F83D102046FDF756F80020DA
:10640000207710BD10B5846842EA032224F47F444B
:106410000A432243826010BD826822F070020A4360
:1064200042F0070181607047F0B5026A036A23F009
:106430000103036243688469114E24F073050C68FC
:10644000104F2C4322F002058A682A43B04201D043
:10645000B84205D122F00805CA682A4322F0040296
:10646000B04201D0B84205D14D6923F440731D43B9
:106470008B692B4343608461496841630262F0BDCC
:106480000000014000040140F0B5026A036A23F0F5
:1064900010030362436884690D6824F4E64444EA07
:1064A00005248D6822F0200242EA05120F4D104E9D
:1064B000A84201D0B04206D1CF6822F0800242EA61
:1064C000071222F04002A84201D0B04207D14D6924
:1064D00023F4406343EA85038D6943EA85034360FF
:1064E0008461496881630262F0BD000000000140E0
:1064F00000040140F0B5026A036A23F4807303626A
:106500004368C46922F4007224F073050C68124ECB
:106510002C438D6842EA05220E4DA84201D0B042BC
:1065200006D1CF6822F4006242EA072222F4806298
:10653000A84201D0B04207D14D6923F4405343EA49
:1065400005138D6943EA05134360C4614968C1635B
:106550000262F0BD000001400004014030B5036A52
:10656000026A22F4805202624268C4690D6824F40F
:10657000E64444EA05248D6823F4005343EA0533D6
:10658000084DA84202D0084DA84204D14D6922F41A
:10659000804242EA85124260C46149680164036234
:1065A00030BD0000000001400004014010B5046A45
:1065B000036A23F001030362836923F0F00343EAD3
:1065C000021324F00A020A438361026210BD10B56F
:1065D000036A046A24F010040462846923F0A003AF
:1065E00024F4704444EA023243EA011182610162F8
:1065F00010BD01680C3151E8002F22F4907241E87F
:106600000023002BF5D10168143151E8002F22F04E
:10661000010241E80023002BF5D1016B012909D1CA
:1066200001680C3151E8002F22F0100241E80023EC
:10663000002BF5D1202180F8421000210163704722
:1066400070B5044600680169E26821F440511143C5
:106650000161A1682069E269014360691043014357
:106660002068C26849F20C639A430A43C2602068FA
:106670004169A26921F440711143416131492068A7
:10668000884202D03049884202D1FBF7E5FE01E0A2
:10669000FBF7D2FEE2690023192164253226B2F508
:1066A000004F626828D0A0FB0101930F9200F9F718
:1066B00089FD0146B0FBF5F06FF01802504301EB85
:1066C000800006EB0010B0FBF5F000F0F002B1FB2B
:1066D000F5F002EB0012B1FBF5F06FF01803584330
:1066E00001EB800006EB0010B0FBF5F000F00F00AE
:1066F00021681044886070BDA0FB010192185B41C5
:10670000F9F760FD0146B0FBF5F00201B1FBF5F0D1
:106710006FF01803584301EB800006EBC000B0FB9C
:10672000F5F000F0F80002EB4002B1FBF5F0584341
:1067300001EB800006EBC000B0FBF5F000F00700B5
:10674000D6E7000000100140001401402DE9F84395
:106750001F4690460D460446089E23E0701C21D03B
:10676000FBF78CFAC01BB0421AD8CEB12068C168C2
:10677000490717D5802D15D0402D13D00168C94386
:1067800009070FD401680025406800902046FFF7F4
:1067900030FF0820606484F840500120BDE8F88391
:1067A0000320FBE72068006835EA000004D00020E1
:1067B0004045D3D00020F1E70120F9E73EB54FF482
:1067C00048758C23AA225F214B200095FEF792F991
:1067D000002418200095CDE901044FF6FF730CA2A8
:1067E00067215720FEF77FFD4FF47A70FAF7C1FB5F
:1067F00009488C23AA22008800905F214B20FEF7D5
:1068000079F906480470BDE83E40FAF7C3BC0000C1
:10681000556E6C6F636B0000300000202C00002070
:10682000FEE710B500240023A0B21A46194600F076
:1068300019F8641C082CF6DB10BD000010B500240C
:106840000023A0B21A46194600F00CF8641C082C6C
:10685000F6DBBDE810400C210148FDF74FB9000000
:106860001C1B0020F0B500EB4000C600114F0020BB
:1068700002FA00F4240601D5462500E02325341849
:1068800047F8245001FA00F52D0601D5462500E011
:10689000232507EB8404256203FA00F52D0601D5B4
:1068A000462500E02325401CC0B225640828DFD31C
:1068B000F0BD000058060020044B5A709870197003
:1068C000F223034A0C210348FCF7F0BF000000202C
:1068D000580600201C1B0020014A024900F00EBC93
:1068E000397100085006002003B401984100009857
:1068F00050EAC12018BF04204A0D18BF40F0010023
:1069000040F2FF72B2EB515F08BF40F00200012875
:1069100008BF052002B070474100080218BF0420DC
:106920000A0E18BF40F001004FF07F4232EA010129
:1069300008BF40F00200012808BF05207047090782
:10694000090E002804DB00F1E02080F800147047F5
:1069500000F00F0000F1E02080F8141D70470000E7
:1069600070B5C1482DED020B2DED0E8B82B0119D3F
:1069700025F000449FEDBEDB9FEDBFEB84423EDB84
:10698000A4F140511098A1F17F6108430FD0BC4899
:10699000844202DC28D1109830B39DED100B02B078
:1069A000BDEC0E8B02B0BDE8704000F05BBB9DED0E
:1069B000100B53EC1D2B51EC100BF9F7FBFC9DED6C
:1069C000100B41EC180B53EC1E2B51EC100BF9F78C
:1069D000F1FC53EC182BF9F746FC41EC100B02B01C
:1069E000BDEC0E8B02B070BD012000F081FB02B047
:1069F000BDEC0E8B02B0BDE8704000F03DBBA1487D
:106A00009FEDA18B844256DA9DED100BB4F1795FB6
:106A10000ADA51EC100BFFF767FF042808BF00F0FB
:106A20003BFB9DED100BDAE753EC102B51EC100BF8
:106A3000F9F7C0FC41EC190B95480621B0EE490A64
:106A4000F0EE690A784400F091FA53EC192B51ECFE
:106A5000100BF9F7AFFC41EC1A0B8E48B0EE490A67
:106A6000F0EE690A0421784400F080FA53EC192B07
:106A700051EC100BF9F79EFC53EC182BF9F7F3FBD4
:106A800041EC100B51EC1A0B53EC102BF9F7F8FDFD
:106A9000CDE900019DED000B53EC102B9DED100B8B
:106AA00051EC100BF9F786FC9DED101B53EC112BEC
:106AB000F9F7D9FBD2E09DED100B51EC100B00F073
:106AC0002EFB53EC182BF9F772FC9FED730BCDE9FD
:106AD000000153EC102B9DED000B51EC100BF9F75E
:106AE00069FC41EC190B6E480621B0EE490AF0EE44
:106AF000690A784400F03AFA53EC192B51EC100B68
:106B0000F9F758FC41EC1B0B6648B0EE490AF0EE71
:106B1000690A0421784400F029FA53EC192B51EC4E
:106B2000100BF9F747FC53EC182BF9F79CFB41ECE1
:106B30001C0B51EC190B00F048FE41EC180B5A48A5
:106B40009FED5BABA04222DC53EC1C2B51EC1B0BEA
:106B5000F9F796FDCDE900019DED000B51EC180B06
:106B600053EC102BF9F726FC53EC182BF9F77BFBB1
:106B700053EC1A2BF9F71EFC53EC1D2BF9F714FC00
:106B800053EC1E2BF9F713FC41EC100B5FE08DED7D
:106B9000008B002000909DED000B51EC180B53EC86
:106BA000102BF9F760FB9DED000B41EC1E0B53EC35
:106BB000102B51EC100BF9F7FDFB53EC192BF9F7E7
:106BC000F6FB53EC1E2BF9F75BFD41EC190B53EC74
:106BD0001C2B51EC1B0BF9F753FD41EC1B0B53EC39
:106BE0001A2B51EC190BF9F7E5FB53EC1D2BF9F7B8
:106BF000DEFB41EC190B53EC1A2B51EC180BF9F797
:106C0000D9FB53EC1B2BF9F7D5FB53EC192BF9F7F8
:106C1000CBFB9DED000B41EC180B53EC1A2B51EC08
:106C2000100BF9F7C7FB9FED249B53EC192BF9F7D9
:106C3000BEFB41EC100B51EC180B53EC102BF9F789
:106C4000B3FB53EC192BF9F7B2FB41EC100B002D01
:106C50003FF7C5AE51EC100B81F0004141EC100B39
:106C6000BDE60000000000000000F03F0000000052
:106C7000075C143326A6913C182D4454FB21F93FA0
:106C80000000F07F0000E03F000000000000F03F47
:106C90000861000016610000000000000000E03FF5
:106CA0005A600000686000003333EF3F00000000CE
:106CB0000000000000000040182D4454FB21E93F73
:106CC00070B54FF068422DED048BF0EE408A18EE5F
:106CD000900AB0EE608A18EE101A02EB4003B3F18E
:106CE000654F3CBF02EB4102B2F1654F7DD200BF60
:106CF000C0F3C753C1F3C7529A1A1B2A09DD10F01B
:106D0000004F14BF9FED830A9FED830ABDEC048BF7
:106D100070BD12F11A0F36DA11F0004F09D010F0E1
:106D2000004F0CBF9FED7D0A9FED7D0ABDEC048BEB
:106D300070BD88EE889A19EE100AFFF7EDFD042861
:106D400008BF00F0BDF918EE900AFFF7E5FD054613
:106D500018EE100AFFF7E0FD044619EE100AFFF7DF
:106D6000DBFD042D18BF052D08D1042C18BF052C00
:106D700004D1002804BF022000F0BAF9B0EE490A9D
:106D8000BDEC048B70BD4200B2EB410F3AD910F05C
:106D9000004F19BFDFED630A9FED630ADFED630A61
:106DA0009FED630AB0EE481A0A46B1EE688A80F099
:106DB0000041F0EE418A10460A1A5200B2F1807F7B
:106DC00034D2484010F0004FDFED5A1A9FED5A2A96
:106DD0001DBFBEEE001A70EEE10A30EE420AB6EEBA
:106DE000001A08BF70EEA10A00E040E008BF30EED4
:106DF000020AB0EE682A01EE482A08EE818AC2EE45
:106E0000081A15E011F0004F04BF9FED4C0AF0EE98
:106E1000400AD1D010F0004F19BFDFED490A9FEDB5
:106E2000490ADFED490A9FED490AC5E7C8EE881A0D
:106E300021EEA11A9FED462ADFED462A41EE022AF5
:106E40009FED452A01EE222ADFED442A41EE022A77
:106E50009FED432ABDEC048B01EE222A21EE811A1C
:106E600001EE020A30EE210A30EE200A70BD4FF02A
:106E70007F42B2EB400F28BFB2EB410F09D2F0EED8
:106E8000480AB0EE680ABDEC048BBDE8704000F023
:106E900013B940EA01035B0008BF41F0FF410BD08A
:106EA000B2EB400F08BFB2EB410F08D120F0804099
:106EB00008EE900A21F0804108EE101A18E7B2EBB4
:106EC000400F12BF5FEA410340F0FF4001F0004174
:106ED0003FF40EAFB2EB410F12BF5FEA400200F089
:106EE000004041F0FF413FF403AF4A0092EA400303
:106EF0003FF5FEAE002AACBF9FED1A0A9FED1A0ABD
:106F000068EE808A28EE008A18EE900A18EE101AB1
:106F1000EEE60000DB0FC9BFDB0FC93FDB0F4940C6
:106F2000DB0F49C00000C9BF22AAFDB90000C93F5C
:106F300022AAFD390060ED3EC30ACE3700000000F2
:106F4000000049C022AA7DBA0000494022AA7D3A29
:106F50002DAD65BD8FB8D53D0FB511BE61C84C3E96
:106F6000A8AAAABE0000804F0000802F70B504467A
:106F70002DED028B4D1E00EBC500B0EE408AF0EE09
:106F8000608A90ED000B35F0060017D053EC182BFB
:106F900051EC100BF9F70EFA41EC100B6D1E04EBDF
:106FA000C50090ED001B51EC100B53EC112BF9F7C1
:106FB0005AF941EC100B35F00600E7D1022D36D01E
:106FC000042D1CD0062D1CBFBDEC028B70BD53ECF4
:106FD000182B51EC100BF9F7EDF994ED0A1B53EC5B
:106FE000112BF9F740F953EC182BF9F7E3F994ED6D
:106FF000081B53EC112BF9F736F941EC100B53EC4D
:10700000182B51EC100BF9F7D5F994ED061B53EC46
:10701000112BF9F728F953EC182BF9F7CBF994ED6C
:10702000040B53EC102BF9F71EF941EC100B53EC49
:10703000182B51EC100BF9F7BDF994ED021B53EC32
:10704000112BF9F710F953EC182BF9F7B3F994ED6C
:10705000001B53EC112BF9F706F9BDEC028B41EC48
:10706000100B70BD10B553EC102B51EC100BF9F751
:10707000FAF841EC100B10BD9FED050B10B553EC69
:10708000102B51EC100BF9F7FBFA41EC100B10BD73
:1070900000000000000000009FED050B10B553EC50
:1070A000102B51EC100BF9F785F941EC100B10BDCA
:1070B000000000000000001030EE200A70470000C1
:1070C0009FED020A20EE000A704700000000001049
:1070D00002E008C8121F08C1002AFAD170477047A1
:1070E000002001E001C1121F002AFBD170470000FF
:1070F0000149086070470000540600202DE9F04166
:1071000016460F460446002503E03946B047641C86
:107110006D1C20780028F8D12846BDE8F08182B0A7
:10712000CDE9000121F0004001909DED000B02B07F
:1071300051EC100B7047000003490A685206FCD559
:10714000C2B24A6070470000001001401CB5062220
:1071500069461F2000F052F9BDF8000041BA054809
:10716000C180BDF8021049BA0181BDF8041049BAC6
:1071700041811CBD200A00201CB50622694625203D
:1071800000F03CF9BDF8000041BA05480180BDF8A7
:10719000021049BA4180BDF8041049BA81801CBD73
:1071A000200A00202DE9F0414FF0000844460A2053
:1071B000FAF752FC0026354628466D1CADB2FF2872
:1071C00009D8752000F0F2F807460A20FAF744FCC7
:1071D000472FF1D10EB16CA013E00021762000F012
:1071E00031F90121112000F02DF90A20FAF734FCC1
:1071F000112000F0DBF82146641CA4B2FF2905D958
:1072000066A0FFF769FB0120BDE8F0810028EFD1FF
:107210000121762000F016F902217A2000F012F9FF
:107220000021762000F00EF9B0214C2000F00AF980
:107230000021762000F006F94021162000F002F926
:10724000652000F0B3F804460021652000F0FAF84C
:107250000021602000F0F6F80221612000F0F2F831
:107260002146652000F0EEF847215F2000F0EAF8A3
:107270000021762000F0E6F83621142000F0E2F834
:107280000021762000F0DEF8652000F08FF840F055
:107290000401652000F0D6F80021762000F0D2F835
:1072A000502000F083F800F01F0040F04001502013
:1072B00000F0C8F80021762000F0C4F8502000F05B
:1072C00075F800F0F0015020891D00F0BBF8002196
:1072D000762000F0B7F84F2000F068F800F01F00AB
:1072E00040F020014F2000F0ADF80021762000F0A2
:1072F000A9F84F2000F05AF800F0F0014F20891D46
:1073000000F0A0F80021762000F09CF8522000F058
:107310004DF800F0F0015220C91D00F093F8012152
:10732000762000F08FF8132000F040F800F08F0175
:10733000132000F087F8122000F038F800F08F01D9
:10734000122000F07FF80021762000F07BF84E201C
:1073500000F02CF840F003014E2000F073F80A20F2
:10736000FAF77AFB0021762000F06CF84E2000F04E
:107370001DF840F00C014E2000F064F80A20FAF7E6
:107380006BFB404640E70000696D755F73656C6696
:10739000636865636B5F6572720A0000696D755F93
:1073A0006F76657274696D650A0000007CB5002116
:1073B00040F080000F4C8DF800108DF804000A4654
:1073C00010212046FAF755FCA5142B46012201A9ED
:1073D0000948FBF78BFB2B46012269460648FBF761
:1073E000DBFA012210212046FAF743FC9DF8000049
:1073F0007CBD000000080240241A0020F8B540F0CF
:1074000080000E4C17460E468DF800000022102119
:107410002046FAF72EFCA5142B460122694608489F
:10742000FBF764FBBAB22B4631460548FBF7B4FACA
:10743000012210212046FAF71CFCF8BD000802408A
:10744000241A002033B581B00D4C8DF800000022C5
:1074500010212046FAF70DFCA5142B46012269469F
:107460000848FBF743FB2B46012202A90548FBF71E
:107470003DFB012210212046FAF7FBFB3EBD000038
:1074800000080240241A002010EE100AF6EE000A4E
:10749000074960EE200AA1EB600000EE100A20EE22
:1074A000801AF7EE080A41EE400A20EE800A704783
:1074B000DF59375F2DED028B84B0FAF791FEFEF7AE
:1074C00003FEFDF7BFFFFDF797FFFEF76FF8FEF72E
:1074D0008DF8FEF7AFF8FEF76BF9FEF701FBFEF74C
:1074E00003F9FEF7FDF9FEF72FFAFEF79BFAFEF718
:1074F000ABF9FEF7CDFAFEF7DDF8FEF7BFF8FEF7C1
:107500006FFAFDF72DFB0026F0231A463146304670
:107510000096FDF7EFFA012418250096CDE90154F5
:107520004FF6FF7700213B4685A20846FDF7DBFEBC
:107530000096CDE901543B4687A21E210020FDF7AD
:10754000D2FEFFF72FFEFCF729FFFFF76AF93C2177
:107550008348FBF761FF3C218248FBF75DFF8248CF
:10756000FBF7EEFD8148FBF7EBFD0220FEF7A0FBE9
:10757000F02300211A4608460096FDF7BBFA7C4D21
:107580002878FF2854D17B4C0021142326605022F8
:1075900008460096FDF7AEFA4FF01008CDE90068F6
:1075A0004FF6FF7700213B4673A208460296FDF78F
:1075B0009AFE6B4801684F626A490A685662DFF8B2
:1075C000C0A1834689461EE0DBF80000426AD9F874
:1075D0000000406ABA1A4EF66023984200DD381A5D
:1075E0001044C1EB0112B0EB420F0CDB65489AED81
:1075F000020A00EB810080ED000A0120FAF72CFA64
:107600002068401C20602168B1F57A7FDCDB2E7099
:1076100000211423502208460096FDF76BFACDE9AD
:10762000006800213B4658A208460296FDF75BFE23
:107630002878FE28A4D10021142350220846009661
:10764000FDF758FA10274FF6FF740021CDE90067C7
:1076500023464FA208460296FDF745FE404A1068B1
:107660004462404801684E624249454B91460E6073
:1076700093ED028A80468B46A246DBF800005C460A
:10768000002857D03F4901EB8000D0ED000A10EDF3
:10769000010A502070EEC00A30EE080AFEF73EFAEA
:1076A000D9F80000416AD8F80000406AAAEB01014D
:1076B00001442068C0EB0012B1EB420F04DD401C16
:1076C00020600120FAF7C8F92068B0F57A7FD4DB92
:1076D000002211461046FEF7A3FA002101220846B7
:1076E000FEF79EFA00211423502208460096FDF76B
:1076F00001FA0021CDE90067534628A20846029608
:10770000FDF7F1FD284C002204212046FAF7B1FADA
:10771000002202212046FAF7ACFA244C00228021F4
:107720002046FAF7A6FA0022A1152046FAF7A1FA98
:107730002E7025E74620DFED1E0AB0EE480AADE7C1
:10774000494D5520696E69742C20646F6E27742032
:107750006D6F7665000000007468652063617200DB
:10776000AC1B0020841C00205C1D00201C1B002082
:107770002C0000201C06002073746172740000004D
:10778000D01E0020300A00206F76657200000000D5
:1077900072756E20737461727400000072756E20D1
:1077A0006F76657200000000000002400010024089
:1077B000000000000346012000E05843491EC9B202
:1077C000FBD2704720EE000A704700B52DED048B08
:1077D00083B041EC190BF8F7D5FF41EC180B18EE0C
:1077E000100A18EE901A8DED008B002818BF0120AA
:1077F000084320F00040C0F17F6000F1E040C00F7E
:1078000014D019EE101A19EE900A8DED009B002984
:1078100018BF0121084320F00040C0F17F6000F153
:10782000E040C00F04BF0120FFF762FC51EC180BD1
:1078300003B0BDEC048B00BD0000000000000000A0
:107840000000000000000404040404000004000020
:1078500014140A00000000000000000000000A0AE2
:107860001F0A0A1F0A0A000000040E1505060C1460
:10787000150E0400000012150D152E2C2A12000002
:107880000000040A0A36151529160000020201003C
:1078900000000000000000001008080404040404B4
:1078A000080810000204040808080808040402007C
:1078B00000000004150E0E15040000000000000872
:1078C000083E080800000000000000000000000062
:1078D0000202010000000000003F00000000000064
:1078E0000000000000000000000200000020101056
:1078F000080804040202010000000E111111111108
:10790000110E00000000040604040404040E00002C
:1079100000000E1111080402011F000000000E11EA
:10792000100C1010110E00000000080C0C0A091FAA
:10793000081C000000001F01010F1110110E0000B3
:1079400000000C12010D1311110E000000001E109A
:10795000080804040404000000000E11110E1111A7
:10796000110E000000000E1111191610090600007A
:1079700000000000040000000004000000000000FF
:1079800000040000000404000000100804020204C7
:1079900008100000000000003F003F000000000051
:1079A00000000204081010080402000000000E117C
:1079B000110804040004000000001C22292D2D1DC4
:1079C000221C0000000004040C0A0A1E12330000EE
:1079D00000000F12120E1212120F000000001E11F2
:1079E00001010101110E000000000F12121212120B
:1079F000120F000000001F120A0E0A02121F0000E0
:107A000000001F120A0E0A020207000000001C12EA
:107A100001013911120C000000003312121E121263
:107A20001233000000001F0404040404041F0000BB
:107A300000003E0808080808080809070000371277
:107A40000A060A12123700000000070202020202B0
:107A5000223F000000003B1B1B1B151515350000C5
:107A600000003B1216161A1A1217000000000E1121
:107A700011111111110E000000000F12120E02025E
:107A80000207000000000E1111111117190E180045
:107A900000000F12120E0A121237000000001E1111
:107AA00001060810110F000000001F150404040453
:107AB000040E00000000331212121212120C000009
:107AC00000003312120A0A0C04040000000015150D
:107AD00015150E0A0A0A000000001B0A0A04040A0F
:107AE0000A1B000000001B0A0A0A0404040E00001E
:107AF00000001F0908040402121F00001C040404F3
:107B00000404040404041C00000202040404080821
:107B1000081010000E0808080808080808080E00D9
:107B2000040A000000000000000000000000000047
:107B3000000000000000003F020400000000000000
:107B40000000000000000000000C121C123C0000AD
:107B500000030202020E1212120E000000000000CA
:107B6000001C1202120C000000181010101C12123F
:107B7000123C000000000000000C121E021C00005D
:107B800000182404041E0404041E00000000000069
:107B9000003C120C021C221C00030202020E1212F4
:107BA000123700000004040000060404040E000064
:107BB00000080800000C0808080808070003020273
:107BC000021A0A060A13000000070404040404044D
:107BD000041F000000000000000F1515151500001F
:107BE00000000000000F1212123700000000000019
:107BF000000C1212120C000000000000000F121204
:107C0000120E020700000000001C1212121C103895
:107C100000000000001B0602020700000000000038
:107C2000001E020C101E000000000004041E0404CC
:107C3000041C000000000000001B1212123C000097
:107C400000000000001B0A0A0404000000000000FD
:107C50000015150E0A0A000000000000001B0A04AF
:107C60000A1B000000000000003312120C0804037D
:107C700000000000001E0804041E00001808080888
:107C8000080C080808081800080808080808080868
:107C90000808080806040404040804040404060090
:107CA00016090000000000000000000000000000B5
:107CB00000000000000000000000000000000008BC
:107CC00008080808080800001818000000486C247C
:107CD000120000000000000000000000000000246E
:107CE00024247F1212127F12121200000000081CBE
:107CF0002A2A0A0C1828282A2A1C08080000002210
:107D0000251515152A585454542200000000000C63
:107D10001212120A76252911916E0000000606043F
:107D200003000000000000000000000000402010E0
:107D30001008080808080810102040000002040875
:107D400008101010101010080804020000000000B5
:107D500008086B1C1C6B08080000000000000000F5
:107D6000080808087F080808080000000000000054
:107D700000000000000000000606040300000000F0
:107D800000000000FE0000000000000000000000F5
:107D90000000000000000000060600000000804017
:107DA00040202010100808040402020000000018FF
:107DB000244242424242424224180000000000088D
:107DC0000E08080808080808083E00000000003CEB
:107DD0004242422020100804427E00000000003C85
:107DE0004242201820404042221C00000000002097
:107DF0003028242422227E20207800000000007EEB
:107E00000202021A26404042221C000000000038F4
:107E10002402021A26424242241800000000007E7A
:107E20002222101008080808080800000000003C82
:107E30004242422418244242423C00000000001802
:107E40002442424264584040241C000000000000CC
:107E500000001818000000001818000000000000C2
:107E600000000008000000000008080400000040B6
:107E70002010080402040810204000000000000048
:107E800000007F0000007F000000000000000002F2
:107E90000408102040201008040200000000003CEC
:107EA0004242464020101000181800000000001C3C
:107EB000225A555555552D42221C0000000000083D
:107EC00008181414243C224242E700000000001F5E
:107ED0002222221E22424242221F00000000007C79
:107EE0004242010101010142221C00000000001F6A
:107EF0002242424242424242221F00000000003F12
:107F00004212121E12120242423F00000000003FC5
:107F10004212121E12120202020700000000003C70
:107F20002222010101712122221C0000000000E731
:107F3000424242427E42424242E700000000003E8E
:107F40000808080808080808083E00000000007C2F
:107F500010101010101010101010110F00000077EA
:107F600022120A0E0A1212222277000000000007D5
:107F70000202020202020202427F000000000077B9
:107F8000363636362A2A2A2A2A6B0000000000E3F9
:107F900046464A4A52525262624700000000001CA4
:107FA0002241414141414141221C00000000003F6B
:107FB000424242423E020202020700000000001C50
:107FC0002241414141414D53321C60000000003FBD
:107FD0004242423E1212222242C700000000007CB0
:107FE0004242020418204042423E00000000007F4E
:107FF0004908080808080808081C0000000000E7F5
:108000004242424242424242423C0000000000E7FB
:108010004242222424141418080800000000006BB7
:10802000494949495555362222220000000000E7FF
:10803000422424181818242442E700000000007786
:108040002222141408080808081C00000000007E02
:108050002120101008040442423F00000078080864
:108060000808080808080808080878000000020244
:10807000040408080810102020204040001E1010A2
:10808000101010101010101010101E0000384400B6
:1080900000000000000000000000000000000000E0
:1080A0000000000000000000000000FF00060800C3
:1080B00000000000000000000000000000000000C0
:1080C0000000003C4278444242FC000000000003F3
:1080D0000202021A26424242261A00000000000054
:1080E0000000003844020202443800000000006032
:1080F000404040784442424264D800000000000002
:108100000000003C427E0202423C0000000000F001
:108110008808087E08080808083E000000000000E3
:108120000000007C22221C023C42423C0000000372
:108130000202023A4642424242E700000000000CBE
:108140000C00000E08080808083E0000000000307F
:1081500030000038202020202020221E00000003B4
:1081600002020272120A1612227700000000000EAC
:108170000808080808080808083E00000000000079
:108180000000007F9292929292B7000000000000DF
:108190000000003B4642424242E70000000000006F
:1081A0000000003C42424242423C0000000000000D
:1081B0000000001B26424242221E0207000000006F
:1081C0000000007844424242447840E00000000051
:1081D000000000774C040404041F000000000000AD
:1081E0000000007C42023C40423E000000000000D3
:1081F0000008083E080808080830000000000000D9
:10820000000000634242424262DC000000000000C5
:10821000000000E7422424140808000000000000C9
:10822000000000EB494955552222000000000000E3
:108230000000007624181818246E000000000000CA
:10824000000000E74224241418080807000000007A
:108250000000007E22100808447E000000C020209C
:1082600020202010202020202020C00010101010DE
:108270001010101010101010101010100006080828
:108280000808081008080808080806000C32C20090
:1082900000000000000000000000000000000000DE
:1082A00000000000000000000000000000000000CE
:1082B00000000000000000000000000000000000BE
:1082C00000000000000000000000000000000000AE
:1082D000000000006000600060006000600060005E
:1082E000600040002000200020000000000000008E
:1082F000600060006000000000000000000000005E
:108300006006600630039801880044000000000009
:10831000000000000000000000000000000000005D
:10832000000000000000000000000000000000004D
:10833000000000001002100210021002FE07FE07EB
:1083400008020801080108010801FE07FE070401F0
:10835000040104010401000000000000000000000E
:10836000000040004000F00158034C03CC034C00D7
:1083700058007000E000C001C00140034C035C03E2
:108380004C034801F00040004000000000000000E5
:10839000000000000E010A019100910091005100BF
:1083A00051003A00AE03A0025004500448044804AF
:1083B0004804840284030000000000000000000064
:1083C0000000000038006C006C006C006C006C0059
:1083D0002C0098071C011A01330133016301E300EB
:1083E000C308C6093C0700000000000000000000B0
:1083F0000C001C0010001000080004000000000029
:10840000000000000000000000000000000000006C
:10841000000000000000000000000000000000005C
:1084200000040002000180008000400040002000A5
:1084300020002000200020002000200040004000FC
:108440008000800000010002000400000000000025
:10845000020004000800100010002000200040006E
:10846000400040004000400040004000200020004C
:1084700010001000080004000200000000000000CE
:1084800000000000000000004000C0004000460C5A
:108490004E0FD001F0015E0F460C4000400040003E
:1084A00000000000000000000000000000000000CC
:1084B00000000000000000000000400040004000FC
:1084C00040004000FE0F40004000400040004000DF
:1084D000000000000000000000000000000000009C
:1084E000000000000000000000000000000000008C
:1084F000000000000000000000000000000000007C
:108500000C001C0010001000080004000000000017
:10851000000000000000000000000000000000005B
:1085200000000000FE070000000000000000000046
:10853000000000000000000000000000000000003B
:10854000000000000000000000000000000000002B
:10855000000000000000000000000000000000001B
:108560001C001C001C0000000000000000000000B7
:1085700000040006000200030001000180008000EA
:1085800040004000600020002000100010000800A3
:1085900008000C00040006000200000000000000BB
:1085A000000000000000F00098010C030C03060618
:1085B00006060606060606060606060606060C0358
:1085C0000C039801F0000000000000000000000013
:1085D00000000000000040007C00600060006000BF
:1085E000600060006000600060006000600060008B
:1085F00060006000FC0300000000000000000000BC
:10860000000000000000F8008401020306030603D6
:10861000000300018001C00060002000100008027B
:1086200004020602FE03000000000000000000003B
:108630000000000000007800C6008601860180016D
:108640008001C000700080010001000300030603E8
:1086500006038601F8000000000000000000000092
:1086600000000000000080018001C001A001A00105
:1086700090018801880184018201FE0F8001800140
:1086800080018001E0070000000000000000000001
:10869000000000000000FC030400040004000400CB
:1086A0000400F4008C010403000300030603060326
:1086B00082018401F80000000000000000000000BA
:1086C000000000000000E00118030C030C0004008F
:1086D0000600E60116030E06060606060606040652
:1086E0000C021803F0000000000000000000000071
:1086F000000000000000F8070C060402040100015D
:1087000000018000800040004000400060006000E8
:108710006000600060000000000000000000000039
:10872000000000000000F8010C030606060606061D
:108730000C021C03F000C8010C0306060606060620
:1087400006060C03F001000000000000000000001D
:10875000000000000000F0000C010C0306020606F9
:108760000606060606078C067806000600030003C8
:108770000C018C01780000000000000000000000E7
:1087800000000000000000000000000000000000E9
:10879000E000E000E0000000000000000000000039
:1087A000E000E000E0000000000000000000000029
:1087B00000000000000000000000000000000000B9
:1087C00060006000000000000000000000000000E9
:1087D0000000600060004000200020000000000059
:1087E00000000000000400020001800040002000A2
:1087F0001000080004000800100020004000800065
:108800000001000200040000000000000000000061
:108810000000000000000000000000000000000058
:10882000FE07000000000000FE070000000000003E
:108830000000000000000000000000000000000038
:10884000000000000400080010002000400080002C
:10885000000100020004000200018000400020002E
:1088600010000800040000000000000000000000EC
:10887000000000000000E0031806040C040C0C0CBF
:108880000C0C000780014000400040000000000088
:10889000E000E000E0000000000000000000000038
:1088A00000000000E00018030C02CC05640566051A
:1088B000A605B604B604B604B604B602E4010C0478
:1088C0000C021803F000000000000000000000008F
:1088D000000000000000600060005000D000900028
:1088E0009000880088010801F801040304030402D1
:1088F000020202060F0F000000000000000000004E
:10890000000000000000FE008C030C030C030C03AD
:108910000C038C01FC000C030C020C060C060C066C
:108920000C060C03FE010000000000000000000027
:10893000000000000000E00318030C060C0404040F
:1089400006000600060006000600060006040C04E9
:108950000C021803F00000000000000000000000FE
:108960000000000000007F008C010C030C030C06CB
:108970000C060C060C060C060C060C060C060C036A
:108980000C038C017F0000000000000000000000CC
:10899000000000000000FF030603060406040600B2
:1089A00086008600FE00860086008600060006041B
:1089B00006040602FF0300000000000000000000A3
:1089C000000000000000FF03060306040604060082
:1089D00086008600FE0086008600860006000600EF
:1089E000060006001F00000000000000000000005C
:1089F000000000000000F00018010C020C0204024C
:108A00000600060006000600C60F060306030C0358
:108A10000C031803F000000000000000000000003C
:108A20000000000000000F0F0606060606060606F8
:108A300006060606FE0706060606060606060606DD
:108A4000060606060F0F00000000000000000000F0
:108A5000000000000000FC03600060006000600097
:108A60006000600060006000600060006000600006
:108A700060006000FC030000000000000000000037
:108A8000000000000000F807C000C000C000C000E7
:108A9000C000C000C000C000C000C000C000C000D6
:108AA000C000C000C000C60066003C00000000001E
:108AB000000000000000CF038601C600460026002B
:108AC000160036002E006E004600C60086008601A5
:108AD000060106038F0700000000000000000000F0
:108AE0000000000000001F0006000600060006004F
:108AF0000600060006000600060006000600060442
:108B000006040602FF030000000000000000000051
:108B10000000000000000707860386038E038E0313
:108B20004E034E034A035A035A033A0332033203F5
:108B3000320312038707000000000000000000005D
:108B40000000000000008E0F0C021C021C02340208
:108B50003402640264024402C40284028403840373
:108B6000040304031F0200000000000000000000D6
:108B7000000000000000F00098010C030C02060643
:108B800006060606060606060606060606060C0283
:108B90000C039801F000000000000000000000003D
:108BA000000000000000FF00060306060606060699
:108BB000060606068603FE000600060006000600FE
:108BC000060006001F00000000000000000000007A
:108BD000000000000000F00098010C030C020606E3
:108BE00006060606060606060606060676064C0273
:108BF000CC039801F0008007000300000000000093
:108C0000000000000000FF01060306060606060637
:108C100006060603FE004600C6008600860106031F
:108C2000060306060F0E0000000000000000000012
:108C3000000000000000F8020C0306020602060015
:108C40000E003C00F800E003800300070206020665
:108C500006060C03F0010000000000000000000008
:108C6000000000000000FE07620461086108600067
:108C700060006000600060006000600060006000F4
:108C800060006000F801000000000000000000002B
:108C90000000000000001E070C020C020C020C0277
:108CA0000C020C020C020C020C020C020C020C0254
:108CB0000C021801F000000000000000000000009D
:108CC0000000000000000F070602040104010C016F
:108CD0000C01880088009800980050005000700037
:108CE0003000200020000000000000000000000014
:108CF000000000000000F70E62044204460446042F
:108D000064026402E402E4029C029C01980198015E
:108D100088018800880000000000000000000000BA
:108D20000000000000009E070C01080118019000DF
:108D3000B0006000200060006000D000900088015A
:108D4000080104038E07000000000000000000007E
:108D50000000000000000F0F060404020C020801CE
:108D60001801B800B0007000600060006000600092
:108D700060006000F801000000000000000000003A
:108D8000000000000000FC070C0206030201800145
:108D9000800040004000200020001000180008045F
:108DA0000C040402FE0300000000000000000000AC
:108DB000E0032000200020002000200020002000F0
:108DC00020002000200020002000200020002000A3
:108DD0002000200020002000E00300000000000030
:108DE000000000000400040008000800100010004B
:108DF00010002000200040004000C00080008000E3
:108E00000001000100020002000200040000000056
:108E10007C00400040004000400040004000400016
:108E20004000400040004000400040004000400042
:108E300040004000400040007C0000000000600056
:108E40009000080100000000000000000000000089
:108E50000000000000000000000000000000000012
:108E60000000000000000000000000000000000002
:108E700000000000000000000000000000000000F2
:108E800000000000000000000000000000000000E2
:108E900000000000000000000000FF0F00000000C4
:108EA000180060000000000000000000000000004A
:108EB00000000000000000000000000000000000B2
:108EC00000000000000000000000000000000000A2
:108ED0000000000000000000000000000000000092
:108EE000F0010C030C030003E0031C030E03060354
:108EF00006038E0B7C0E0000000000000000000046
:108F00000000000008000E000C000C000C000C001B
:108F1000CC013C031C060C060C060C060C060C06C9
:108F20000C021C03E401000000000000000000002F
:108F30000000000000000000000000000000000031
:108F4000F0008C018C018601060006000600060276
:108F50000C020C01F0000000000000000000000006
:108F6000000000000002C003000300030003000330
:108F700078038C030C0306030603060306030603AB
:108F800004038C07780100000000000000000000CE
:108F900000000000000000000000000000000000D1
:108FA000E001180308020C060C06FC070C000C007C
:108FB00018041802E001000000000000000000009A
:108FC000000000000000C0036006300630003000E2
:108FD000FE01300030003000300030003000300042
:108FE00030003000FC010000000000000000000024
:108FF0000000000000000000000000000000000071
:10900000F007D8068C018C018C019801F8000C0047
:10901000FC00CC03060306038E03F80000000000EA
:109020000000000008000E000C000C000C000C00FA
:10903000EC011C030C030C030C030C030C030C03CA
:109040000C030C039E07000000000000000000005D
:109050000000000000006000600000000000400010
:109060007C006000600060006000600060006000E4
:1090700060006000FC030000000000000000000031
:10908000000000000000C001C0010000000000015D
:10909000F001800180018001800180018001800158
:1090A0008001800180018001CC007C000000000074
:1090B0000000000008000E000C000C000C000C006A
:1090C0008C038C008C004C006C005C008C008C01CC
:1090D0000C010C039E0700000000000000000000CF
:1090E0000000000040007C00600060006000600044
:1090F0006000600060006000600060006000600070
:1091000060006000FC0300000000000000000000A0
:10911000000000000000000000000000000000004F
:109120003707EE0666066606660666066606660685
:1091300066066606FF0F0000000000000000000049
:10914000000000000000000000000000000000001F
:10915000EE011C030C030C030C030C030C030C03A7
:109160000C030C039E07000000000000000000003C
:1091700000000000000000000000000000000000EF
:10918000F00098010C03060606060606060606060B
:109190000C030C03F00000000000000000000000C1
:1091A00000000000000000000000000000000000BF
:1091B000EE011C030C060C060C060C060C060C0635
:1091C0000C031C03EC010C000C003E00000000002E
:1091D000000000000000000000000000000000008F
:1091E00078028C030C03060306030603060306033A
:1091F00004038C03780300030003C0070000000091
:10920000000000000000000000000000000000005E
:109210009F03580638061800180018001800180098
:1092200018001800FF00000000000000000000000F
:10923000000000000000000000000000000000002E
:10924000F0031C030C020C023800F000C0030403FE
:1092500004038C03FC01000000000000000000007B
:10926000000000000000000020002000300030005E
:10927000FE0130003000300030003000300030009F
:1092800030023002E0010000000000000000000099
:1092900000000000000000000000000000000802C4
:1092A0008E030C030C030C030C030C030C030C03C4
:1092B0000C039C0778010000000000000000000083
:1092C000000000000000000000000000000000009E
:1092D0001E070C020801080118019000B000B00040
:1092E000600060002000000000000000000000009E
:1092F000000000000000000000000000000000006E
:10930000F70E6204460464026402EC029C019801B8
:109310009801980108000000000000000000000013
:10932000000000000000000000000000000000003D
:10933000BC0718011001B00060006000E000900060
:10934000080108039E070000000000000000000064
:10935000000000000000000000000000000000000D
:109360009E0708010801080190009000B00060000D
:10937000600060002000200024001C0000000000AD
:1093800000000000000000000000000000000000DD
:10939000FC018401C4004400600020003000180279
:1093A00008020C03FC0100000000000000000000A7
:1093B000000380008000800080008000800080002A
:1093C000800040002000400080008000800080007D
:1093D000800080008000800000030000400040000A
:1093E000400040004000400040004000400040007D
:1093F000400040004000400040004000400040006D
:1094000040004000400040004000400000000000DC
:109410000C001000100010001000100010001000D0
:10942000100020004000200010001000100010006C
:1094300010001000100010000C00000000001C00C4
:109440002204C204800300000000000000000000AD
:10945000000000000000000000000000000000000C
:1094600000000000000000000000000000000000FC
:1094700000000000000000000000000000000000EC
:1094800000000000000000000000000000000000DC
:1094900000000000000000000000000000000000CC
:1094A00000000000000000000000000000000000BC
:1094B000000000000000C001C001C001C001C001E7
:1094C000C001C0018000800080008000800080001A
:1094D000800000000000000000008001C003C00305
:1094E00080010000000000000000000000000000FB
:1094F0000000E01CE01CF01E700E38071803080185
:1095000084000000000000000000000000000000D7
:10951000000000000000000000000000000000004B
:10952000000000000000000000000000000000003B
:10953000000000000000000020102010201020106B
:109540002010FE7FFE7F1008100810081008100879
:1095500010081008FE7FFE7F0804080408040804B1
:1095600008040000000000000000000000000000EF
:109570000000000000010001C0076019103118311F
:109580001839183938017001E001C0038007000F55
:10959000001D003900311C311C310C310C11180D2B
:1095A000E0070001000100010000000000000000D1
:1095B00000000000000000001C1036186308630C57
:1095C00063046304630263026301361D9C378022D7
:1095D0008063406340632063206330631022183649
:1095E000081C000000000000000000000000000057
:1095F0000000000000000000F00098018C018C01C8
:109600008C018C018C00CC007800183E1C083608B8
:10961000320863046304C304C303834306438E26F2
:10962000781C0000000000000000000000000000A6
:1096300000001C003C003C003000300010000C001A
:109640000600000000000000000000000000000014
:10965000000000000000000000000000000000000A
:1096600000000000000000000000000000000000FA
:1096700000000040002000100008000C000400065C
:10968000000300030003800180018001800180014C
:109690008001800180010003000300030006000632
:1096A000000C000800100020004000000000000036
:1096B00000000200040008001000300020006000DC
:1096C000C000C000C00080018001800180018001D5
:1096D000800180018001C000C000C0006000600007
:1096E000300010000800040002000000000000002C
:1096F00000000000000000000000000000018003E6
:10970000800300011C713C79783DC0070001C0074F
:10971000783D3C791C7100018003800380010000CA
:109720000000000000000000000000000000000039
:109730000000000000000000000000000000000128
:10974000000100010001000100010001FC7F000197
:109750000001000100010001000100010000000003
:1097600000000000000000000000000000000000F9
:1097700000000000000000000000000000000000E9
:1097800000000000000000000000000000000000D9
:109790000000000000000000000000001C003C0071
:1097A0003C003000300010000C00060000000000FB
:1097B00000000000000000000000000000000000A9
:1097C000000000000000000000000000FE7F00001C
:1097D0000000000000000000000000000000000089
:1097E0000000000000000000000000000000000079
:1097F0000000000000000000000000000000000069
:109800000000000000000000000000000000000058
:109810000000000000000000000018003C003C00B8
:109820001800000000000000000000000000000020
:109830000000004000600020003000100018000808
:10984000000C0004000600020003000180018000FB
:10985000C000400060002000300010001800080028
:109860000C000400060002000000000000000000E0
:109870000000000000000000C007600C3018183025
:10988000183018200C600C600C600C600C600C60D0
:109890000C600C600C601820183018303018600C08
:1098A000C0070000000000000000000000000000F1
:1098B000000000000000000000018001F8018001AC
:1098C0008001800180018001800180018001800190
:1098D0008001800180018001800180018001C0033E
:1098E000F81F000000000000000000000000000061
:1098F0000000000000000000E007101C0818043001
:1099000004300C300C300030001800080004000255
:109910000001800040002020102008200430FC1F9F
:10992000FC1F00000000000000000000000000001C
:109930000000000000000000E003180E0C0C0C18E2
:109940000C180C180018000C0006C003000E0018BC
:109950000010003000300C300C300C100C18180CBB
:10996000E003000000000000000000000000000014
:109970000000000000000000000C000E000E000FB0
:10998000800E800E400E600E200E100E100E080E7F
:10999000040E040EFE7F000E000E000E000E000EE0
:1099A000000EC07F0000000000000000000000006A
:1099B0000000000000000000F03FF03F1000100029
:1099C000100008000800C807280C181808100030FC
:1099D0000030003000300C300C3004180418080C33
:1099E000F003000000000000000000000000000084
:1099F0000000000000000000800FC0102030103078
:109A00001800180008000C008C0F6C183C301C600B
:109A10000C600C600C600C6018601820303060180E
:109A2000C00700000000000000000000000000006F
:109A30000000000000000000F83FF83F1C100C0878
:109A400004080404000400020002000100010001F7
:109A5000800080008000C000C000C000C000C000C6
:109A6000C000000000000000000000000000000036
:109A70000000000000000000E007300C18180C3057
:109A80000C300C301C3038187008E007B007180E86
:109A90000C1C063806300630063006300C18180C40
:109AA000E0030000000000000000000000000000D3
:109AB0000000000000000000E00318040C080C186F
:109AC0000610063006300630063006380C3C1836D4
:109AD000F03100300018001800180C0C0C060C03B4
:109AE000F001000000000000000000000000000085
:109AF0000000000000000000000000000000000066
:109B00000000000000008001C003C00380010000CD
:109B1000000000000000000000008001C003C0033E
:109B200080010000000000000000000000000000B4
:109B30000000000000000000000000000000000025
:109B4000000000000000C000C00000000000000095
:109B50000000000000000000000000000000C00045
:109B6000C0008000800040004000000000000000B5
:109B700000000000000000200010000800040006A3
:109B800000038001C0006000300018000C001800C5
:109B900030006000C00080010003000600040008DF
:109BA0000010002000000000000000000000000085
:109BB00000000000000000000000000000000000A5
:109BC000000000000000FE7F000000000000000018
:109BD0000000FE7F00000000000000000000000008
:109BE0000000000000000000000000000000000075
:109BF00000000000000004000800100020006000C9
:109C0000C000800100030006000C0018003000189E
:109C1000000C000600038001C0006000200010005E
:109C20000800040000000000000000000000000028
:109C3000000000000000C0073018083008600C6009
:109C40001C601C601C600030001C000600018000CD
:109C5000800080008000000000008001C003C0037D
:109C60008001000000000000000000000000000073
:109C70000000000000000000C0076018103018202D
:109C80000C2F8C4D864CC64CC64C664C66446644C4
:109C9000662666266615CC1C0C4008201830301845
:109CA000C0070000000000000000000000000000ED
:109CB0000000000000000001C001C001C00140011F
:109CC0006003200320032003300610061006100650
:109CD000F80F080C080C080C0C0C041804180618D3
:109CE0001F7C0000000000000000000000000000D9
:109CF0000000000000000000FE07181C1838183093
:109D00001830183018301818180CF80718181830B0
:109D1000182018601860186018601860183018183B
:109D2000FE0F000000000000000000000000000026
:109D30000000000000000000C0276038103018202C
:109D40000C400C4004000600060006000600060059
:109D50000600060006000C400C400C20183030189D
:109D6000C00700000000000000000000000000002C
:109D70000000000000000000FE03180E1818183044
:109D80001830183018601860186018601860186073
:109D90001860186018601830183018101818180E4D
:109DA000FE030000000000000000000000000000B2
:109DB0000000000000000000FE3F1830182018606E
:109DC0001840180018081808180CF80F180C180874
:109DD00018081800180018001840184018201830EB
:109DE000FE3F000000000000000000000000000036
:109DF0000000000000000000FE7F1870184018C02E
:109E000018801800181018101818F81F18181810B3
:109E10001810180018001800180018001800180072
:109E20007E000000000000000000000000000000B4
:109E30000000000000000000C013701C101018107B
:109E40000C200C2004000600060006000600060098
:109E500006FC063006300C300C3018301830300854
:109E6000C00700000000000000000000000000002B
:109E700000000000000000003F7E0C180C180C18B9
:109E80000C180C180C180C180C180C18FC1F0C18BB
:109E90000C180C180C180C180C180C180C180C18A2
:109EA0003F7E0000000000000000000000000000F5
:109EB0000000000000000000F81F80018001800108
:109EC000800180018001800180018001800180018A
:109ED000800180018001800180018001800180017A
:109EE000F81F00000000000000000000000000005B
:109EF0000000000000000000E07F000600060006F1
:109F00000006000600060006000600060006000621
:109F10000006000600060006000600060006000611
:109F2000000600060E060E038E01FC000000000075
:109F300000000000000000007E7C181818081804BB
:109F400018061802180198019801D801B8033803BF
:109F500018071806180E180C181C18181830183086
:109F60007EFC000000000000000000000000000077
:109F700000000000000000007E001800180018001B
:109F80001800180018001800180018001800180011
:109F90001800180018001800184018401820183031
:109FA000FE3F000000000000000000000000000074
:109FB00000000000000000001FF81C381C381C388E
:109FC0001C3C3434343434343436743264326432C5
:109FD00064326431C431C431C431C430C4308430DB
:109FE0009FFC0000000000000000000000000000D6
:109FF00000000000000000001F7C1C103C1034100A
:10A00000341074106410E410C410C411841184134B
:10A01000041304170416041E041C041C041C041856
:10A020001F180000000000000000000000000000F9
:10A030000000000000000000C003300C18180810D9
:10A040000C300C3006600660066006600660066034
:10A050000660066006600C200C3008101818300CE2
:10A06000C00300000000000000000000000000002D
:10A070000000000000000000FE0F181818301860E3
:10A08000186018601860186018301818F80F180059
:10A090001800180018001800180018001800180000
:10A0A0007E00000000000000000000000000000032
:10A0B0000000000000000000C003300C18180C1055
:10A0C0000C300C20066006600660066006600660C4
:10A0D000066006600660E4612C331C321816300EF0
:10A0E000C007004C007C00380000000000000000A9
:10A0F0000000000000000000FE07181C183818308F
:10A100001830183018301818180CF807980318036E
:10A11000180718061806180E180C180C181C181812
:10A120007E78000000000000000000000000000039
:10A130000000000000000000E027303818300C203C
:10A140000C200C000C0018007800E003800F001EAB
:10A15000003800700060046004600860183038182F
:10A16000C80F000000000000000000000000000018
:10A170000000000000000000FC3F8C21846182414F
:10A180008241800180018001800180018001800185
:10A1900080018001800180018001800180018001B7
:10A1A000E0070000000000000000000000000000C8
:10A1B00000000000000000003F7C0C100C100C1090
:10A1C0000C100C100C100C100C100C100C100C10AF
:10A1D0000C100C100C100C100C100C10080838048B
:10A1E000E00300000000000000000000000000008C
:10A1F00000000000000000003EF818201820182081
:10A200003010301030103010600860086008E00C2A
:10A21000C004C004C00480038003800380030001E5
:10A22000000100000000000000000000000000002D
:10A230000000000000000000DFF386618621862117
:10A240008C210C218C238C138C138C134C135812DF
:10A250005816580E380E380E380E300C10041004F4
:10A2600010040000000000000000000000000000DA
:10A2700000000000000000007E3E1808380830048E
:10A28000300470026002E001C001C001800180035F
:10A290004003400720062006100C100C0818081870
:10A2A0003E7C0000000000000000000000000000F4
:10A2B00000000000000000007E7C1C101810180830
:10A2C0003008300C700460046002C002C002C0019B
:10A2D0008001800180018001800180018001800176
:10A2E000E007000000000000000000000000000087
:10A2F0000000000000000000F83F18180818040CC7
:10A30000040E00060007000380038001C001C000A6
:10A31000E000600070003000382018201C100C187D
:10A32000FE1F000000000000000000000000000010
:10A330000000C03F4000400040004000400040009E
:10A34000400040004000400040004000400040000D
:10A3500040004000400040004000400040004000FD
:10A36000400040004000C03F00000000000000002E
:10A370000000000000000800180018001000300065
:10A380002000600060004000C0008000800180016B
:10A39000000100030002000600060004000C000893
:10A3A000001800180010003000200000000000001D
:10A3B0000000FC0300020002000200020002000292
:10A3C000000200020002000200020002000200027D
:10A3D000000200020002000200020002000200026D
:10A3E000000200020002FC03000000000000000068
:10A3F00000008007C00620081010000000000000C8
:10A40000000000000000000000000000000000004C
:10A41000000000000000000000000000000000003C
:10A42000000000000000000000000000000000002C
:10A43000000000000000000000000000000000001C
:10A44000000000000000000000000000000000000C
:10A4500000000000000000000000000000000000FC
:10A4600000000000000000000000FFFF00000000EE
:10A4700000007800C00000010000000000000000A3
:10A4800000000000000000000000000000000000CC
:10A4900000000000000000000000000000000000BC
:10A4A00000000000000000000000000000000000AC
:10A4B000000000000000000000000000000000009C
:10A4C000000000000000F00318060C0C0C0C000C3F
:10A4D000800F700C1C0C0C0C060C060C064C0C4F60
:10A4E000F83800000000000000000000000000003C
:10A4F00000000000000010001E00180018001800E6
:10A50000180018001800180FD81838303860186074
:10A5100018601860186018601860182038307818B3
:10A52000C80700000000000000000000000000005C
:10A53000000000000000000000000000000000001B
:10A54000000000000000C007700C181818180C1844
:10A550000C000C000C000C000C2018201810300807
:10A56000C007000000000000000000000000000024
:10A570000000000000000010001E00180018001865
:10A58000001800180018E01B301C181818180C18B8
:10A590000C180C180C180C180C180818181C307A09
:10A5A000E0090000000000000000000000000000C2
:10A5B000000000000000000000000000000000009B
:10A5C000000000000000C007300C181808100C3004
:10A5D0000C30FC3F0C000C000C00182018107018F8
:10A5E000C0070000000000000000000000000000A4
:10A5F0000000000000000000003E80C380C0C0C01A
:10A60000C000C000C000FC1FC000C000C000C000EF
:10A61000C000C000C000C000C000C000C000C0003A
:10A62000F80F000000000000000000000000000023
:10A63000000000000000000000000000000000001A
:10A64000000000000000C077306C101818181818AF
:10A6500018181018300CF00718001800F00FF03F11
:10A6600008700C600C600C603838E00F00000000CF
:10A6700000000000000010001E0018001800180064
:10A68000180018001800980FD818383018301830F3
:10A69000183018301830183018301830183018307A
:10A6A0007EFC000000000000000000000000000030
:10A6B0000000000000000000800380038003000011
:10A6C000000000000001F80180018001800180018C
:10A6D0008001800180018001800180018001800172
:10A6E000F81F000000000000000000000000000053
:10A6F00000000000000000000038003800380000B2
:10A70000000000000010801F00180018001800183A
:10A710000018001800180018001800180018001879
:10A72000001800180018180C1806F00300000000AC
:10A7300000000000000010001E00180018001800A3
:10A74000180018001800183E180C180618031801F5
:10A750009801D801380318071806180C181C181887
:10A760007E7C0000000000000000000000000000EF
:10A770000000000000000001F8018001800180015C
:10A7800080018001800180018001800180018001C1
:10A7900080018001800180018001800180018001B1
:10A7A000F81F000000000000000000000000000092
:10A7B0000000000000000000000000000000000099
:10A7C000000000000800EE1C9C338C318C318C3171
:10A7D0008C318C318C318C318C318C318C318C3191
:10A7E000DE7B000000000000000000000000000010
:10A7F0000000000000000000000000000000000059
:10A800000000000010001E0FD81838301830183023
:10A8100018301830183018301830183018301830F8
:10A820007EFC0000000000000000000000000000AE
:10A830000000000000000000000000000000000018
:10A84000000000000000C007701C103018300C60C1
:10A850000C600C600C600C600C6018301830301804
:10A86000C007000000000000000000000000000021
:10A8700000000000000000000000000000000000D8
:10A880000000000010009E0F581838301820186083
:10A890001860186018601860186018303830781820
:10A8A000980718001800180018007E00000000002B
:10A8B0000000000000000000000000000000000098
:10A8C000000000000000C023303C183818300C3065
:10A8D0000C300C300C300C300C3008301838303C58
:10A8E000E033003000300030003000FC0000000099
:10A8F0000000000000000000000000000000000058
:10A900000000000060007E3C60666061E000E000E6
:10A910006000600060006000600060006000600037
:10A92000FE07000000000000000000000000000022
:10A930000000000000000000000000000000000017
:10A94000000000000000E027303818301820180000
:10A950007000E003800F001C043004300C301C1821
:10A96000EC0F0000000000000000000000000000EC
:10A9700000000000000000000000000080008000D7
:10A980008000C000E000FC1FC000C000C000C0008C
:10A99000C000C000C000C000C000C020C0208011A6
:10A9A000000F000000000000000000000000000098
:10A9B0000000000000000000000000000000000097
:10A9C0000000000010201E3C1830183018301830DD
:10A9D000183018301830183018301830183830F453
:10A9E000E013000000000000000000000000000074
:10A9F0000000000000000000000000000000000057
:10AA00000000000000007E3C1818180838083004C8
:10AA10003004700260026002E001C001C001C000A9
:10AA200080000000000000000000000000000000A6
:10AA30000000000000000000000000000000000016
:10AA4000000000000000DFF78E630C238C238C23B2
:10AA50009813981358165816700E700E700E200426
:10AA600020040000000000000000000000000000C2
:10AA700000000000000000000000000000000000D6
:10AA8000000000000000FC3E70087004E004C002FA
:10AA9000C0018003800340076006200C100C1818CA
:10AAA0003E7E0000000000000000000000000000EA
:10AAB0000000000000000000000000000000000096
:10AAC0000000000000007E7C1818180830083008CC
:10AAD000300460046004C002C002C0028001800132
:10AAE00080018000800080004C003C0000000000DD
:10AAF0000000000000000000000000000000000056
:10AB0000000000000000FC1F0C0C040E04060003F3
:10AB100080038001C000E0007020302038301C1815
:10AB2000FC1F00000000000000000000000000000A
:10AB300000000030000800040004000400040004C9
:10AB4000000400040004000400040002800100026C
:10AB500000040004000400040004000400040004D5
:10AB6000000400040004000800300000000100019F
:10AB700000010001000100010001000100010001CD
:10AB800000010001000100010001000100010001BD
:10AB900000010001000100010001000100010001AD
:10ABA000000100010001000100010001000000009F
:10ABB00000000C00100020002000200020002000D9
:10ABC00020002000200020002000400080014000E4
:10ABD0002000200020002000200020002000200075
:10ABE00020002000200010000C00000000003800B1
:10ABF000C400864002610022001C0000000000002A
:10AC00000000000000000000000000000000000044
:10AC10000000000000000000000000000000000034
:10AC2000000000000000000000000000D6D020005E
:10AC300020002000FE03220222022202FE03220242
:10AC4000200020002000BEB0FC010401FC01040132
:10AC5000FC012000FF070401FC0120002401320256
:10AC6000D4B0FE070204FA0402040204FE055204F2
:10AC700052044A0586050204FE07B5E710001000DD
:10AC8000FF0111011101FF0111011101FF01110467
:10AC90001004E007D7D30000FC0180004000200032
:10ACA0002000FF0720002000200020003800D6D020
:10ACB0008000800080008000FC1F841084108410BD
:10ACC00084108410FC1F84108000800080008000AD
:10ACD000BEB0F80F0808F80F0808F80F8000FF7FD3
:10ACE0000000F80F08080808F80F80008410A22060
:10ACF0004000D4B00000FE3F0220F22702200220D4
:10AD0000FA2F222122212221122912290A2E022081
:10AD1000FE3F0220B5E7800080008000FC1F841009
:10AD200084108410FC1F841084108410FC1F845035
:10AD300080408040007FD7D30000FE1F0008000441
:10AD4000000280018000FF7F800080008000800082
:10AD500080008000A0004000D6D00000000000006D
:10AD6000001800000800000800000800080818F893
:10AD7000FF1F1808181808181808181808181808B5
:10AD800018180818F8FF1F08080800080000080035
:10AD9000000800000800001800001800001800005B
:10ADA0000000BEB0000000000000400006C0FF0729
:10ADB000400006C0FF07400006C0FF074008020031
:10ADC0003000FEFF3F000000C0FF07C00002C000CF
:10ADD00002C00002C0FF0380100080110160100E4D
:10ADE0003010180C1E30001C00000000D4B0000011
:10ADF00000000000080030F8FF1F08001008C01015
:10AE0000083F10080010080010080013C8FF1008C1
:10AE100022100822100822100822100821120821EE
:10AE20001488601648C013280010080010F8FF1F8F
:10AE3000080010000000B5E7000000000000001846
:10AE400000000800000800000800F0FF0F100804D0
:10AE5000100804100804100804F0FF07100804107C
:10AE60000804100804100804F0FF07100800000888
:10AE70001000081000082000183000F01F0000002B
:10AE8000D7D3000000000000000004F0FF0F000016
:10AE90000600000100C00000280000180000180093
:10AEA000001830FEFF7F0018000018000018000096
:10AEB0001800001800001800001800001800001802
:10AEC00000001F00000C00000000D4CB00000000B8
:10AED000000008000430FE0F2000002000000000E9
:10AEE0000000001000FF3F7E2000206000203000A6
:10AEF00020100120080220040C20060F20FE18203C
:10AF000000085800008E0000043F7C00F81F00007D
:10AF100000000000D0D0000000000000000000C0D1
:10AF2000000040F81F200000100100880100C4004C
:10AF30002040FE3F60000170000150000148000108
:10AF40004400014000014000014000014000014078
:10AF5000000140B80140C001008000000000C9E8C5
:10AF600000000000000010F80320180660180260BE
:10AF700018020008020008020004027E067E20017A
:10AF800004A0FC0F20080420100620100620200238
:10AF900020220120C101A0C00060600360180E00E3
:10AFA0000638800100000000D6C300000000000049
:10AFB000F0FF0F104208104208104208F0FF0F1077
:10AFC0000808000808F8FF1F000802C0FF0740003B
:10AFD00002400002C0FF03400002C0FF0340000225
:10AFE000C0FF03400002400022FEFF7F000000007F
:10AFF0000000B5F700000000000010000020FC3F3A
:10B0000060841040841000841000F4170084107EC7
:10B01000841420FC1F20041020041020E41320249A
:10B0200012202412202512A0E613E0221260021042
:10B0300020011000011E800018000000CAD400008A
:10B040000000000000800008800F1000193000117F
:10B0500020002120FF7F0000010000017E40012030
:10B06000FF012010012010032010022010022012E6
:10B0700006209144A0704C600E4870023820007089
:10B08000000040000000B0E6000000400000C000EA
:10B0900018C8801FC87800C80800C80800C8080081
:10B0A000F8FF1F082818084808084808F8490C88BD
:10B0B00049048889048889028809038C05038485EA
:10B0C0000684450C842238021A3002050000000074
:10B0D000B1BE0000000008000018000018000018B1
:10B0E00000001810FCFF3F003C00003C00005E0028
:10B0F000005A00009B00009901801901C01802400D
:10B10000180620181DD0FF7B0C181002180000181C
:10B1100000001800001800001800D0C50000000052
:10B120002000C0400040C00040C01020FF3F200071
:10B130000010000830FE1F28000028000824FE1F11
:10B1400022000020000020000020FC1F2004082016
:10B15000040820040820040820FC0F200408200410
:10B1600008000000CFA2000000000C00000400C096
:10B17000FF07400002400002C0FF03400002400001
:10B1800002C0FF03400002400002C0FF074004026B
:10B19000000800801800903108903110900132981A
:10B1A00001221C012300FF03000000000000D7D48F
:10B1B000000000000C00000C00000400000400E08F
:10B1C000FF0F200004200004200004200004E0FF02
:10B1D00007200004200004200004200004E0FF07F2
:10B1E000200004200004200004200004E0FF0720C9
:10B1F0000004200004000000B6AF000000000000C2
:10B20000008000008000008200FC870000800000B9
:10B21000F03F008030FE8F304080306080302080F2
:10B220001030811010C210084610084410FC2F1076
:10B230000C381000101000881900060E00010400E0
:10B240000000CAD600000000000000000600F00F59
:10B25000F80F00000800000800000804F8FF0F00C5
:10B260000800000800000800000810FEFF3F00086A
:10B2700000000800000800000800000800000800A6
:10B28000800900000E00000400000000B2CE0000A3
:10B2900000000000000C0000C30080000360F00705
:10B2A000E00F0C000608FEFF3F004300809100C045
:10B2B0001801600C0610467C0CE110C230003018FA
:10B2C0000000060680810360E000003800000700EF
:10B2D000F80000000000CAFD00000080800088889F
:10B2E00001908800B0C400904200FCDF3FC06008BD
:10B2F000E06308A06408905C0C8C500C82800CC049
:10B300008004FE8F0460840720040370020380879A
:10B310000780CD0C60683818183006040000000063
:10B32000BCE000000000000000410000430010618C
:10B330000010E11F10210010B100101101101106C2
:10B34000100906100504000104000104F0FF0F10AD
:10B35000620410620410620410620410620410623D
:10B3600024FEFF3F000000000000CAD300000000E0
:10B37000000010000020F81F600808600808FE891F
:10B3800009808808C08808408808608808608808A4
:10B39000F08908688B0964CA036242016040016059
:10B3A000602160202160102160086160063F20015B
:10B3B00000000000B1E000000000400060800020BC
:10B3C000800010FC1F100418880518880418E4FC7D
:10B3D0001F5C040820040010FC3F084E32CC4E32A3
:10B3E0003C4A3200FA3F804A32704B321E49328466
:10B3F0004932800830400818200010000000B3CC0B
:10B40000000000000000000100E0FB1F5C10104085
:10B410001010401010401010FEF71F601810600848
:10B4200010E0FC3F50030150020158000148001198
:10B4300044F83F44000142000160000160002160C7
:10B44000FE7F600000000000D0A1000000000000AE
:10B45000001800001800001000001000001000008C
:10B460001000809000801101C01002401004601094
:10B470001C3010181010300810300410200010007C
:10B48000001000001000001900001E00000C000059
:10B490000000B3B500000000040000060000020830
:10B4A000F8FF1F000100800900801800C01800404C
:10B4B0001800601804F0FF0F201800001800001892
:10B4C00000001820FEFF3F001800001800001800C0
:10B4D000001800001800001800000000C6C100009D
:10B4E00000000000F0FF0F30001830001830001886
:10B4F000F0FF1F300009300403300C01308808B021
:10B50000FF1F100C01100C01100C11F0FF3F100474
:10B510000108040108040108020104030184000178
:10B52000420001000000C4BB0000000042000042D5
:10B5300010FCFF3F004200C0FF0340000240000239
:10B54000C0FF03400002C0FF03400402000600FEEB
:10B55000FF3F808900C01803F0FF1FCC083BC208E2
:10B5600003C00803C0C80340980100180000080089
:10B57000BFAA000000000000000008FCFF1F0081BF
:10B580000000810000810000810000810000810036
:10B59000008110FEFF3F00810000810000810080DB
:10B5A00081008080008080004080006080003080CA
:10B5B00000088000048000000000B7A20000000026
:10B5C00044000084016006033006061002061802DB
:10B5D00010FCFF3F08020000030000030000FF070B
:10B5E000000506800502800803C0900140900060BD
:10B5F000600020E000109803080C0F04037CE200B8
:10B6000010000000C8CB000000000000000C00008B
:10B610001C00000C00000C00001C00001C00001CA2
:10B6200000001C000024000024000026000046004A
:10B6300000420000C300008101800101C0000360DE
:10B64000000E30003C080038060000000000D4B1B5
:10B6500000000000000080FF0380000280000280E4
:10B66000000280000280FF03800002000000E0FF73
:10B670000F200804201804201804201804200804AF
:10B68000200804200C0420640000820380010E6066
:10B6900000181C0000000000C3FB000000000400B4
:10B6A000000E0000020400FF0F000106800002C02F
:10B6B000000320830110C600086600003000001857
:10B6C00000000C0000FF1F8001086001081C010839
:10B6D00000010800010800FF0F0001080001000040
:10B6E0000000B5A500000080800000810100C300BB
:10B6F000004200E0FF07200804200804200804E0BE
:10B70000FF07200804200804200804E0FF072008A1
:10B7100004100810FEFF3F000800000800000800A9
:10B72000000800000800000800000000BEB0000093
:10B7300000000000C0FF03400006400006C0FF07F5
:10B74000400006C0FF07400802003000FEFF3F0037
:10B750000000C0FF07C00002C00002C0FF0340108D
:10B7600002809000C0110360100C181018061E30E3
:10B77000000800000000C0D900000000410000C126
:10B7800010FCFF3F00C10000C104F0FF0F001800D3
:10B79000F8FF3F081810ECD90B041800E0D903009B
:10B7A0001800000800E0FF0F20180C20180CE0FF24
:10B7B0000F20180C20180CE0FF0F200004000000E0
:10B7C000D0EC000000404000E0E00020600030B01D
:10B7D00000101001880802C40C0C42067A20FD3FBC
:10B7E000B0400030400028401024FF3F224000209D
:10B7F0004000204C02204404204218204130A04048
:10B8000030607000002000000000C5E00000000073
:10B81000400060C00020800020FE1F2000002008A3
:10B8200004201004FE310220200220200120FF3FCE
:10B8300020000020000020F80F200A0CE0090C3046
:10B84000080C0E080C04080C00F80F00080C000887
:10B8500004000000D4AD000000000008F0FF1F301D
:10B86000200030200030100030FF0F30030830037C
:10B870000830FF0F30030830030830030830FF0F93
:10B8800030430810400010440110460610431C8845
:10B890004130486030247820022000000000C6EBD0
:10B8A000000000000400001800001008FCFF1F80CA
:10B8B000800100C100006200003400001800003C5C
:10B8C0000000E301C0807F3C813C008101008101D8
:10B8D0000081010081018081018080014080012080
:10B8E0008001188000000000D6CE0000000000009B
:10B8F00000400030E00060200040300000120400F2
:10B9000009080209188C863F987E3090000040009C
:10B910000040FC0F400C08200C08200C08380C08D4
:10B92000300C08300C0830FC0F300C08300C0800CC
:10B930000000CCD800000000C00040C00040C0089B
:10B940004CFC1F4CC00044C000FCC30044C020425B
:10B95000FE7F420002400206C0012260FE7F5800C6
:10B96000024E080244180240300240100240000219
:10B97000406002408003400001000000B1F0000080
:10B9800000000000000010F01F1010081010081038
:10B99000108811108811F08F11508811808111804A
:10B9A0008011808011FCBF11809011C090114090D7
:10B9B000114098106018102018101008100C0E1E5E
:10B9C000020408000000C3F900000000400000402D
:10B9D00000002000FCF80F84280884480C84C80C60
:10B9E00084880C840804848804840807840801FC83
:10B9F000FC3F84083004001004001280FF17000090
:10BA00001000001000801800000F0000040000006B
:10BA1000D0BB000000000808080818100818307E85
:10BA20001820621800621800FE7F3E62181062182B
:10BA3000107E1810621910621B10621AD07F1A1043
:10BA40007118907818506C18306418106318806062
:10BA50001840780E002008000000B6D40000000056
:10BA60000000000000000004000004FC07040002C5
:10BA70000400020400FF3F080104100104A01104A7
:10BA8000C03004C06004C0600460210420030410BE
:10BA90000304080204080204066204008007000090
:10BAA00002000000D0A1000000000000001800000B
:10BAB000180000100000100000100000100080901E
:10BAC00000801101C0100240100460101C301018DA
:10BAD000101030081030041020001000001000007A
:10BAE0001000001900001E00000C00000000B3B59B
:10BAF000000000000400000600000208F8FF1F001C
:10BB00000100800900801800C0180040180060186B
:10BB100004F0FF0F20180000180000180000182083
:10BB2000FEFF3F0018000018000018000018000079
:10BB30001800001800000000B2CE00000000000055
:10BB4000000C0000C30080000360F007E00F0C0051
:10BB50000608FEFF3F004300809100C01801600C02
:10BB60000610467C0CE110C23000301800000606BA
:10BB700080810360E000003800000700F80000004A
:10BB80000000CAFD000000808000888801908800C5
:10BB9000B0C400904200FCDF3FC06008E06308A032
:10BBA0006408905C0C8C500C82800CC08004FE8F6A
:10BBB0000460840720040370020380870780CD0C93
:10BBC000606838181830060400000000B5F700005F
:10BBD0000000000010000020FC3F60841040841032
:10BBE00000841000F4170084107E841420FC1F20B1
:10BBF000041020041020E4132024122024122025F5
:10BC000012A0E613E0221260021020011000011EB3
:10BC1000800018000000CAD400000000000000806E
:10BC20000008800F10001930001120002120FF7F34
:10BC30000000010000017E400120FF0120100120D2
:10BC40001003201002201002201206209144A07040
:10BC50004C600E4870023820007000004000000068
:10BC6000D7F6000000000000600403600403200415
:10BC700001300401102401D0FF3F388410188418CB
:10BC800014C418144409923F099030099030099067
:10BC90003005903006903006903F0790B00D90C070
:10BCA00018102030101800000000B3F6000000004B
:10BCB000000000080000180000180030180C3018B0
:10BCC00004301804301804301804301804F0FF074A
:10BCD00000180C0018000018003018181018081070
:10BCE0001808101808101808101808F8FF0F00009E
:10BCF00008000000B5C4000000408000C080014082
:10BD0000C00040C000204000F8E73F0822100812A1
:10BD100010081210080A10082210F8C31008821028
:10BD2000088210080210080210080210080210F819
:10BD3000031808821808020F000004000000B9B1BF
:10BD4000000000000000000004F0FF0F00080000E9
:10BD50000800000820FEFF3F000000000000E0FF98
:10BD60000760080660180660080660080660080696
:10BD7000600C0660040620060000C3008001076016
:10BD8000000C1C0008000000CFD70000004000009D
:10BD9000C00003C00005C00019FE1F114000114083
:10BDA0000021FCFF3F140803240903240905A4080B
:10BDB00005F48B05C48805C48804F48B08C4CC083A
:10BDC000C44818C44910C42E304414200008000090
:10BDD0000000B9CC000000000000F8FF1F080818A0
:10BDE000081818081818081818E8FF1F0818180865
:10BDF000181808181808FF190881180881180881F0
:10BE00001808811808FF18088118088118080018F8
:10BE1000F8FF1F080018080008000000BCFE000022
:10BE200000808000C08100C08000408C00608C00D9
:10BE300020840030FC1F30840028820028820024E7
:10BE4000810022810020FF3F208000208000208090
:10BE500000208000208000208000208000208000C2
:10BE6000208000000000B0E6000000400000C0009C
:10BE700018C8801FC87800C80800C80800C8080093
:10BE8000F8FF1F082818084808084808F8490C88CF
:10BE900049048889048889028809038C05038485FC
:10BEA0000684450C842238021A3002050000000086
:10BEB000B1BE0000000008000018000018000018C3
:10BEC00000001810FCFF3F003C00003C00005E003A
:10BED000005A00009B00009901801901C01802401F
:10BEE000180620181DD0FF7B0C181002180000182F
:10BEF00000001800001800001800D6D00000000054
:10BF000000000000008000000080010000800100AF
:10BF10000080010000800100008001001080010C01
:10BF2000F0FFFF0F308001043080010430800104F5
:10BF3000308001043080010430800104308001042D
:10BF400030800104F0FFFF073080010430800104DD
:10BF500000800100008001000080010000800100DD
:10BF600000800100008001000080010000800100CD
:10BF7000008001000080000000000000BEB0000052
:10BF8000000000000000000000000001800100FF30
:10BF9000FF01000380010003800100FFFF01000397
:10BFA00080010003800100FFFF010081810000008B
:10BFB00003000000031CFCFFFF3F000040000003E3
:10BFC000C00100FFFF010003C0000003C000000328
:10BFD000C00000FFFF000001410000040100000E4E
:10BFE000710000078101800101076000010E1898AF
:10BFF000011C04E0011800C0000000000000D4B0E3
:10C00000000000000000000000000008F0FFFF1F1B
:10C010003000000C3000000C3000100C30FE3F0CE3
:10C020003004000C3000000C3000000C3000000C1C
:10C030003000C00CF0FFFF0D3030060E3030060C23
:10C040003010060C3010060C3010060C3018860C20
:10C050003018860C3008060D300C860D3006EE0FB9
:10C060003002FC0D3001000CF000000C3000000C20
:10C07000F0FFFF0F3000000C100000040000000073
:10C08000B5E7000000000000000000C0000000C094
:10C09000010000C0000000C0000000C0000000C09F
:10C0A0000000E0FFFF0360C0000360C0000360C049
:10C0B000000360C0000360C0000360C00003E0FF35
:10C0C000FF0360C0000360C0000360C0000360C0E5
:10C0D000000360C00003E0FFFF0360C0000160C018
:10C0E000000000C0000800C0001000C0001000C028
:10C0F000001800C001380080FF1F00000000000091
:10C100000000D7D300000000000000000000000085
:10C1100000000003C0FFFF07000080070000C00010
:10C12000000060000000180000000C000080030008
:10C130000080030000800100008001080080011CD5
:10C14000FCFFFF3F00800100008001000080010033
:10C1500000800100008001000080010000800100DB
:10C1600000800100008001000080010000800100CB
:10C170000080010000FC010000E000000040000021
:10C1800000000000BACB00000000000000008000AA
:10C19000040080011800800130008001300080011F
:10C1A000101880E1FF3F80090800FC1F1C0080017F
:10C1B0000C00C0010601C0018207C0018101E087B7
:10C1C000C000E0CD7F00A0C96104B009300E90012D
:10C1D000180690010C03880186038801C30184813D
:10C1E000C000804160008031B00080010C038001FC
:10C1F00006068001030C80C1001880310018800CF5
:10C20000000000000000D0C400000000000000009A
:10C2100000000000000000000060000000C00000FE
:10C220000080030000000700000007000000060077
:10C23000000C0600001C0200000C0000000C0000B6
:10C24000400C0002400C0006600C000C600C001C4E
:10C25000600C0018700C0038380C80383C0C8010D2
:10C26000000C8000000C8000000C8000000C80009E
:10C27000000CC00100F8FF0100F8FF000000000002
:10C280000000000000000000D1A10000000000003C
:10C29000000000000C0000001C0020400C0040C00A
:10C2A0000C00C0600C00C0600C0380E0FF070020A1
:10C2B0000C0000100C0000100C0080080C00FC01A9
:10C2C0000C0CC0FCFF1FC0002300C0002300C000F6
:10C2D0002100C0802100C0802100C0802000C0C09B
:10C2E0002008C0402008C0202018E010603838091D
:10C2F000E01F1C0600000C3C006000F0FF1F000067
:10C30000FF0F0000000000000000CFEE0000000062
:10C31000000000000000000800F0FF1F00003000D7
:10C3200000081000FC1F1800800108008041080868
:10C330008081FF1F8081000C8081000C8081100CA7
:10C340008081700C8081300C8081300C8081300CB9
:10C350008081300C8081300C8099300C8087300CCB
:10C36000E081300C7C80100C1C40580008009801C3
:10C3700000000C060000061C0000031C00800118D1
:10C38000006000100018000000000000B2CB0000A8
:10C390000000000000000008040000181C00001845
:10C3A0000C0000180C18FCFFFF3F00180C000018D0
:10C3B0000C000018C4010000FC0300FC0F00F00397
:10C3C000000000408001408081018001C300000323
:10C3D000430000832000008013000080091CFEFF42
:10C3E000FF3F00E0050000B0050000981900008C38
:10C3F0003100008661008081C101C080010F308062
:10C40000011E0C8001080080000000000000B5A59E
:10C4100000000000000000000002000000047000A6
:10C4200000183000003818000030080040100401E7
:10C43000C0FFFF03C0800101C0800101C080010175
:10C44000C0800101C0FFFF01C0800101C080010167
:10C45000C0800101C0800101C0FFFF01C080010157
:10C46000C080010000800118FCFFFF3F0080010038
:10C4700000800100008001000080010000800100B8
:10C48000008001000080010000800000000000002A
:10C49000B5F70000000000000000000000002020B0
:10C4A0000000C0E0FF1FC06110188061300880618B
:10C4B0001008006090080060FF09006010088060AC
:10C4C0001008FC611008C0601009C0E0FF0FC060D8
:10C4D0000008C0608208C060FE09C060C608C06075
:10C4E000C608C060C608C028C608C024C608C02642
:10C4F000FE08C033C608C0114608C01000088008F6
:10C5000000080008C00F0004000E00020004000034
:10C510000000CAD40000000000000000000020005D
:10C520000000E0033000600E6000600CC000600896
:10C53000C0006018C000601000FCFF3F00006000F9
:10C54000000060000000600080006000FE016800E4
:10C55000C0F85F00C0804100C080C100C080C10041
:10C56000C080C100C0808100C0808101C090810175
:10C57000C0883123C0840F23C0C20326C07B002E95
:10C58000C011003CC00100388000003000000020D5
:10C5900000000000CAD600000000000000000000FB
:10C5A00000010000F0030080FF07F0FF01000080A1
:10C5B0000100008001000080010000800100008077
:10C5C0000103F0FFFF0700800100008001000080F0
:10C5D0000100008001000080010000800118FEFFC2
:10C5E000FF3F00800100008001000080010000800A
:10C5F0000100008001000080010000800100008037
:10C60000010000C0010000FC000000E0000000602C
:10C61000000000000000B6AF0000000000000000B5
:10C6200000001000000070000000300000303000FA
:10C63000F87F3000000030000000300000003000C3
:10C640000000FF3F00403018FCFF30180001301898
:10C650008007301880013018C0001018C000101872
:10C6600060081818201018183030081810600818C2
:10C6700008FE0C08FCC104081C4006080000030C5E
:10C680000080010C0080300C0060C00700108007A3
:10C690000008000100000000D4CB000000000000F2
:10C6A0000000000000001000000060000003C0F067
:10C6B000FF07C0010000C001000080000000000072
:10C6C0000000000000000000000C80FCFF1FFC01C7
:10C6D0000400C0000E00C0000600C0000300C0003F
:10C6E0000300C080C100C0808001C0400003C020A2
:10C6F0000006C0F0FF0FC0F0000EC00000043001C3
:10C7000000001C0600000C3C006000F0FF1F0080D1
:10C71000FF0F0000000000000000D0D0000000006B
:10C7200000000000000200000007000000030004F9
:10C7300080C1FF0F800000004000000020040000C6
:10C74000100C0000080E00000006001800F3FF3F68
:10C750008001600080016000C00360006001600033
:10C7600030016000180160000C01600000016000F1
:10C770000001600000016000000160000001600035
:10C7800000016000000160000081730000013E00B4
:10C79000000138008000080000000000D0A1000067
:10C7A0000000000000000080000000800700008002
:10C7B0000100008001000080010000800100008075
:10C7C00001000080010000820100008E210000862F
:10C7D0004100008781000083810180810103808105
:10C7E0000106C080010E4080011C6080011C308069
:10C7F00001181080011808800110048001000080D9
:10C8000001000080010000800100008C010000F0A8
:10C81000010000E000000040000000000000B3B58F
:10C820000000000000000000002000000060000088
:10C83000007000000030000000380006F0FFFF0F1D
:10C8400000180000000C0000008C030000860100AE
:10C85000008301000083010080810100C081010389
:10C86000E0FFFF07C08001000080010000800100A0
:10C870000080010000800118FCFFFF3F00800100E4
:10C8800000800100008001000080010000800100A4
:10C890000080010000800100008001000000000015
:10C8A000C6C1000000000000000000000000000001
:10C8B0000004C0FFFF0FC000000CC000000CC0004F
:10C8C000000CC0FFFF0F4000000C40204000406003
:10C8D000E00040C0600040C020004080100640FEE4
:10C8E000FF0F60406000604060006040600060409A
:10C8F00060006040600CA0FFFF1F204060003040DF
:10C900006000106060001060600008306000081077
:10C910006000040C6000040660008001200000003C
:10C920000000C4BB000000000000000000180C0064
:10C9300000381C0000180C08FCFFFF1F00180C003A
:10C9400000180C0000FFFF010001C0000001C00042
:10C9500000FFFF000001C0000001C00000FFFF0059
:10C960000061C00080700018FCFFFF3F000C100049
:10C97000008620008083C101C080410F30FFFF3E50
:10C980000C83C1080083C1000083C1000083C10083
:10C9900000834D00008371000081210000800000B1
:10C9A00000000000C9E800000000000000002000B6
:10C9B0008000C080FF01C081C1008081C1008081F2
:10C9C000C1008080C1000080C00000C0C00000C065
:10C9D000C03F8060803FFC2300008011000180ED9B
:10C9E000FF078081000380018103800181018001B4
:10C9F00081018001C2008021C20080116400800991
:10CA00007C00800538008007180080037C008001CE
:10CA1000E6010080C30700E0003F0038000C00077B
:10CA2000000000000000D6C300000000000000006D
:10CA300020000006E0FFFF0F60300C0660300C069F
:10CA400060300C0660300C06E0FFFF076040000617
:10CA50000080030000800006F0FFFF0F00C0000010
:10CA600080C0C00000FFFF010003C0000003C00041
:10CA700000FFFF000003C0000003C0000003C0006F
:10CA800000FFFF000003C0000003C00000FFFF0024
:10CA90000003C0000003C0000003C018FEFFFF3FFA
:10CAA0000000000000000000D7D4000000000000DB
:10CAB00000000040000000C0010000C00000006055
:10CAC0000000002000004020000180FFFF078001DF
:10CAD000800180018001800180018001800180014E
:10CAE000800180FFFF0180018001800180018001C1
:10CAF000800180018001800180018001800180FF30
:10CB0000FF0180018001800180018001800180019E
:10CB100080018001800180FFFF0180018001800190
:10CB20008001800080010000000000061016000651
:10CB300010160000000000000000010203040607B8
:10CB400008090000000001020304000000000000CA
:10CB5000555555555555C53F7D6FEB0312D6D4BF7E
:10CB60005544880E55C1C93F3B8F68B52882A4BF84
:10CB700088B20175E0EF493F09F7FD0DE13D023F45
:10CB80004B2D8A1C273A03C0C88A599CE52A0040CD
:10CB900059018D1B6C06E6BF82922EB1C5B8B33F1A
:10CBA000BFAAB7A2C8CBD4B100000000B5F7CAD461
:10CBB00000000000BACBD0C4D1A1CFEE000000002D
:10CBC000D4CBD0D0B2CBB5A500000000B1E0B3CC3F
:10CBD00000000000D7D4B6AFD4CBD0D00000000006
:10CBE000CAD6B6AFD4CBD0D000000000B2CECAFDBA
:10CBF000BCE0CAD30000000053706565645F440068
:10CC0000416E676C655F440053706565645F490001
:10CC1000416E676C655F490053706565645F5000E5
:10CC2000416E676C655F5000B5F7CAD4B2CBB5A54D
:10CC300000000000C9E8D6C3B2CBB5A500000000D3
:10CC4000D0A1B3B5C9E8D6C300000000C6C1C4BBBB
:10CC5000C9E8D6C30000000052756E203E3E3E3E3D
:10CC60003E3E3E3E3E3E3E3E3E3E00004D6F746FB9
:10CC700072315F5370656564000000004D6F746F22
:10CC800072325F53706565640000000052756E5F1C
:10CC900074696D65000000004D6F746F72315F53F1
:10CCA00074617475730000004D6F746F72325F535E
:10CCB00074617475730000004175746F5F52756E16
:10CCC0005F4D6F64650000005461726765745F506A
:10CCD0006F696E74000000005377657276655F536C
:10CCE00070656564000000004D61785F5370656594
:10CCF00064000000454550524F4D5F4572617365B9
:10CD000000000000454550524F4D5F4C6F636B0073
:10CD10005247425F4C6967687400000045455052B5
:10CD20004F4D5F4F75740000536C6565705F74699B
:10CD30006D650000536C6565700000004C43445FF6
:10CD4000425F636F6C6F72004C43445F427269676D
:10CD500068746E657373000078CD000800000020D1
:10CD60005806000026080008A4CF00085806002036
:10CD700090280000E0700008013422544220271857
:10CD8000C63084FFFF200F51A6E0FFFF071FF8CF3A
:10CD9000012003FF7F320413B4CB1B08E404B26507
:10CDA0005AF4383113F85A3A5A281ABC24DAAC2803
:10CDB0006B9401283460FC5A6928CB50CC286B84D2
:10CDC0000228ABE0FF281AA0047266139D0FA20888
:10CDD0005C200346281AC024DAD47813C4035A20EE
:10CDE000DC9BF846A0DAE0281AD47849286B60FC6E
:10CDF000502928DAEC28414928ABE0FF280A17CC53
:10CE0000282B2003C832061A28EC1A18044132FFD6
:10CE10004BFD090C29281A01A0120A3A372829507B
:10CE20001A0828295C0910285C60FC0A5029282A65
:10CE3000F82C091328ABE0FF281A20500A130C28FD
:10CE4000AB2003281A10280A131028AB9F2428119E
:10CE500019280A1314282BCF012832021A34241A55
:10CE60004004B265133C042A20283113F8463A5A8C
:10CE7000282950DA4C286B2C05285C60FC46781A6F
:10CE8000E0281A6C2832189A64783AF4781113F86A
:10CE90000A7A37A01A7C280A131C28AB60FCC81A2F
:10CEA0009828298D1940D928ABE0FF281AA8280A0C
:10CEB000132428AB2003281A8C282A28E8F928AB49
:10CEC0009F24281A58287266AB8D5E282BCF012824
:10CED00032031AD4281AB82832480A1302F03A5FEB
:10CEE0002829501AC828324C0A1505F06928A97853
:10CEF000BA257889F01A40241310CDDB082CF06B8A
:10CF00008402787A37C81AE82C3230FA64284978D3
:10CF100069281AD8280A133428897829281A1C78ED
:10CF200069A0ABE91328AB2003289A0428BAA928E2
:10CF3000AB9F24289AF4F0BA21282BCF0128320481
:10CF40001A4C241A485032380A1563F029282950FF
:10CF50001A3C28323C293C0912F069281A3428323C
:10CF60004019400913F069281A28283244FAFF288A
:10CF700049F0A11E804017B7D1A3C3C8432009665A
:10CF800066E6406F12033A0B22A04118C1299C8229
:10CF9000101324F41809CDCC4C3F52499D396C0232
:04CFA000143F00003A
:040000050800018965
:00000001FF
